0.0, 0.0, 0.0, -0.0
0.0, 0.0, 0.0, -0.0
0.0, 0.0, 0.0, -0.0
0.0, 0.0, 0.0, -0.0
0.0, 0.0, 0.0, -0.0
0.0, 0.0, 0.0, -0.0
0.0, 0.0, 0.0, -0.0
0.0, 0.0, 0.0, -0.0
0.0, 0.0, 0.0, -0.0
0.0, 0.0, 0.0, -0.0
0.0, 0.0, 0.0, -0.0
0.0, 0.0, 0.0, -0.0
0.0, 0.0, 0.0, -0.0
0.0, 0.0, 0.0, -0.0
0.0, 0.0, 0.0, -0.0
0.0, 0.0, 0.0, -0.0
0.0, 0.0, 0.0, -0.0
0.0, 0.0, 0.0, -0.0
0.0, 0.0, 0.0, -0.0
0.0, 0.0, 0.0, -0.0
0.0, 0.0, 0.0, -0.0
0.0, 0.0, 0.0, -0.0
0.0, 0.0, 0.0, -0.0
0.0, 0.0, 0.0, -0.0
0.0, 0.0, 0.0, -0.0
0.0, 0.0, 0.0, -0.0
0.0, 0.0, 0.0, -0.0
0.0, 0.0, 0.0, -0.0
0.0, 0.0, 0.0, -0.0
0.0, 0.0, 0.0, -0.0
0.0, 0.0, 0.0, -0.0
0.0, 0.0, 0.0, -0.0
0.0, 0.0, 0.0, -0.0
0.0, 0.0, 0.0, -0.0
0.0, 0.0, 0.0, -0.0
0.0, 0.0, 0.0, -0.0
0.0, 0.0, 0.0, -0.0
0.0, 0.0, 0.0, -0.0
0.0, 0.0, 0.0, -0.0
0.0, 0.0, 0.0, -0.0
0.0, 0.0, 0.0, -0.0
0.0, 0.0, 0.0, -0.0
0.0, 0.0, 0.0, -0.0
0.0, 0.0, 0.0, -0.0
0.0, 0.0, 0.0, -0.0
0.0, 0.0, 0.0, -0.0
0.0, 0.0, 0.0, -0.0
0.0, 0.0, 0.0, -0.0
0.0, 0.0, 0.0, -0.0
0.0, 0.0, 0.0, -0.0
0.0, 0.0, 0.0, -0.0
0.0, 0.0, 0.0, -0.0
0.0, 0.0, 0.0, -0.0
0.0, 0.0, 0.0, -0.0
0.0, 0.0, 0.0, -0.0
0.0, 0.0, 0.0, -0.0
0.0, 0.0, 0.0, -0.0
0.0, 0.0, 0.0, -0.0
0.0, 0.0, 0.0, -0.0
0.0, 0.0, 0.0, -0.0
0.0, 0.0, 0.0, -0.0
0.0, 0.0, 0.0, -0.0
0.0, 0.0, 0.0, -0.0
0.0, 0.0, 0.0, -0.0
0.0, 0.0, 0.0, -0.0
0.0, 0.0, 0.0, -0.0
0.0, 0.0, 0.0, -0.0
0.0, 0.0, 0.0, -0.0
0.003406904018167245, 0.0, 0.11541544215869623, -0.0
0.003406904018167245, 0.0, 0.0, -0.0
0.004478218205450173, 0.0, 0.05316590969810313, -0.0
0.014647364827411167, 0.0, 0.0, -0.0
0.014647364827411167, 0.0, 0.0, -0.0
0.01560481594429602, 0.0, 0.05089500400748063, -0.0
0.03501370816791344, 0.0, 0.4421586962329682, -0.0
0.07841764256826075, 0.0, 0.8855196366550895, -0.0
0.15008436890569063, 0.0, 1.3330216403954047, -0.0
0.2459636296922255, 0.0, 1.7436548223350254, -0.0
0.3649209829072936, 0.0, 2.080416777985573, -0.0
0.4943062219173122, 0.0, 2.1651082019770236, -0.0
0.6319338782996259, 0.0, 2.3376970344643335, -0.0
0.7753473699122361, 0.0, 2.4157093240716003, -0.0
0.9209241383181939, 0.0, 2.421586962329682, -0.0
1.0655089181140796, 0.0, 2.4171787336361206, -0.0
1.2091179228443762, 0.0, 2.3856532193427733, -0.0
1.3507812934802297, 0.0, 2.3519903820464867, -0.0
1.4904706964511085, 0.0, 2.3088431739246595, -0.0
1.627229947920785, 0.0, 2.264360138925995, -0.0
1.7618074560085488, 0.0, 2.222815923056372, -0.0
1.8932325070524976, 0.0, 2.177798557306973, -0.0
2.0222043467154682, 0.0, 2.1369222548757683, -0.0
2.1489521717595506, 0.0, 2.1009885118888594, -0.0
2.2740248971964996, 0.0, 2.072936147475287, -0.0
2.397467582256612, 0.0, 2.0559711461394605, -0.0
2.5270657670832217, 0.0, 2.2051830082821264, -0.0
2.665312737224686, 0.0, 2.344509751536201, -0.0
2.8118712858039, 0.0, 2.5117552765161637, -0.0
2.967372935236174, 0.0, 2.6219609938551964, -0.0
3.129058837527518, 0.0, 2.7065188351589633, -0.0
3.2924867009930536, 0.0, 2.72348383649479, -0.0
3.4555203745937755, 0.0, 2.715736040609137, -0.0
3.6193800577464605, 0.0, 2.7266898209991983, -0.0
3.7826639251234306, 0.0, 2.726823403686882, -0.0
3.946347778987577, 0.0, 2.725353994122362, -0.0
4.109589035231099, 0.0, 2.7164039540475553, -0.0
4.270790362509351, 0.0, 2.679802297622228, -0.0
4.430553335968476, 0.0, 2.6413304835693294, -0.0
4.587863181906361, 0.0, 2.6064654020838898, -0.0
4.742950420011624, 0.0, 2.5745391397274915, -0.0
4.896944457840771, 0.0, 2.551562917445899, -0.0
5.049230180096715, 0.0, 2.55196366550895, -0.0
5.210254069903421, 0.0, 2.6990382046486774, -0.0
5.371893157109271, 0.0, 2.710526315789474, -0.0
5.535277912484238, 0.0, 2.7246860806839432, -0.0
5.698434496240583, 0.0, 2.717071867485974, -0.0
5.861506203286401, 0.0, 2.710793481164841, -0.0
6.020962699030724, 0.0, 2.6366550895004006, -0.0
6.180756586018701, 0.0, 2.6545551696500134, -0.0
6.337894439567192, 0.0, 2.6198236708522575, -0.0
6.494143707504809, 0.0, 2.589500400748063, -0.0
6.647653632728293, 0.0, 2.547021106064654, -0.0
6.799408767222797, -0.0009212279229160113, 2.514426930269837, -0.5393314270835292
6.9479695159271895, -0.0064806590743656765, 2.4619289340101522, -1.1746739267395672
7.092938153039513, -0.02226933486931385, 2.421987710392733, -2.1580112654702654
7.2324772589413735, -0.053355194366656575, 2.3716270371359873, -0.0
7.368646158948445, -0.0865791556887646, 2.3247395137590168, -0.0
7.503345714781968, -0.11944461052379476, 2.2950841570932408, -0.0
7.63547300061776, -0.1516824550975227, 2.2444563184611273, -0.0
7.764812836087911, -0.18324018737592823, 2.2142666310446164, -0.0
7.892264729403048, -0.21433727910327316, 2.176195565054769, -0.0
8.018049271787596, -0.24502755251288633, 2.1486775313919315, -0.0
8.142729669874416, -0.2735502510519729, 2.102324338765696, 1.8972563967792813
8.26720932957695, -0.2883398587643511, 2.0830884317392466, 2.1673561255969083
8.391638312108757, -0.29182763149801355, 2.0645204381512157, -0.0
8.514327582825766, -0.2952666397130838, 2.050227090569062, -0.0
8.637257969139633, -0.29871240645327635, 2.054902484637991, -0.0
8.767271023694047, -0.30235670199815995, 2.220010686615015, -0.0
8.900416850822767, -0.30608880987215775, 2.247528720277852, -0.0
9.035326319473354, -0.3098703530198897, 2.250066791343842, -0.0
9.176206174760788, -0.3138192474655082, 2.3785733368955384, -0.0
9.319868443126522, -0.31784613358373254, 2.3992786534865083, -0.0
9.463526654967316, -0.3218729059966384, 2.393133849853059, -0.0
9.6073677119281, -0.3259048035999221, 2.3935345979161102, -0.0
9.751092901039328, -0.3299334534009802, 2.3944696767298956, -0.0
9.894043570831963, -0.33394039324905045, 2.3903286134117017, -0.0
10.037229152795698, -0.3379539177388055, 2.3852524712797223, -0.0
10.180045517615508, -0.34195709298788374, 2.3807106598984773, -0.0
10.323029889931298, -0.3459649775253578, 2.3769703446433343, -0.2254904343964052
10.465287918514369, -0.3523395453677116, 2.3746994389527116, -0.7165115649344074
10.607432777625311, -0.3626470863911, 2.3764360138925995, -0.0
10.74891854030912, -0.37290683347031395, 2.3550627838632114, -0.0
10.88554796823654, -0.38281442662684745, 2.274646005877638, -0.0
11.023026374398045, -0.39278358288197274, 2.284130376703179, -0.0
11.159657461620244, -0.4026912963611763, 2.276783328880577, -0.0
11.295636417867383, -0.4125517209913839, 2.260753406358536, -0.0
11.430462724020762, -0.4223285619577056, 2.2485973817793212, -0.0
11.564292911628819, -0.4320331700424846, 2.238311514827678, -0.0
11.697852244335495, -0.44171813726212916, 2.233101790008015, -0.0
11.831137305924198, -0.4513832158919386, 2.224018167245525, -0.0
11.961546790027061, -0.46083977391054437, 2.207053165909698, -0.0
12.092531271992499, -0.47033802752119575, 2.177397809243922, -0.0
12.22306624549343, -0.4798036853210155, 2.1729895805503605, -0.0
12.351845139635426, -0.489142002180433, 2.158829815655891, -0.0
12.480046905486176, -0.49843846896117017, 2.1373230029388193, -0.0
12.584713254149896, -0.5060282804349537, 2.1330483569329415, -0.0
12.74192888377032, -0.517428668475478, 2.1148811114079615, -0.0
12.859378934313614, -0.5259454816880413, 2.1114079615281858, -0.0
12.984155131083874, -0.5349935455786111, 2.1098049692759817, -0.0
13.126900272088244, -0.5453446156489228, 2.2934811648410367, -0.0
13.273773459167193, -0.555995028266874, 2.474485706652418, -0.0
13.418342609658078, -0.5664783651861373, 2.51055303232701, -0.0
13.579223255123077, -0.5781445194415327, 2.516831418648143, -0.0
13.717257647397798, -0.5881539926641955, 2.559444296019236, -0.0
14.024057056941073, -0.6104013501810124, 2.554768901950307, -0.0
14.19078079059195, -0.622491212135412, 2.535800160299225, -0.0
14.335073938955501, -0.6329545349418342, 2.521907560780123, -0.0
14.480351272636215, -0.6434892252996031, 2.5129575207053167, -0.0
14.631710939395663, -0.6544649720425207, 2.4330750734704782, -0.0
14.77284580288028, -0.6646992738969593, 2.419182473951376, -0.0
14.914429636626888, -0.6749661325348278, 2.3779054234571197, -0.0
15.055373546078506, -0.6851865874830819, 2.3478493187282927, -0.0
15.194354013801735, -0.6952646647450166, 2.3173924659364147, -0.0
15.332533292717297, -0.7052846443272028, 2.2980229762222817, -0.0
15.469226073801353, -0.7151968314962461, 2.278119155757414, -0.0
15.604751100636042, -0.725024339733488, 2.270638525247128, -0.0
15.740955554169261, -0.7349011161511713, 2.228693561314454, -0.0
15.870560081413066, -0.7442993032522589, 2.204648677531392, -0.0
16.002869884480337, -0.7538936616514459, 2.183542612877371, -0.0
16.131925247259048, -0.7632520264523257, 2.168314186481432, -0.0
16.261552577332903, -0.7726518670856457, 2.1597648944696766, -0.0
16.390185875089976, -0.7819796261189141, 2.1512156024579214, -0.0
16.51880553627067, -0.79130639630481, 2.1454715468875234, -0.0
16.64661796712031, -0.8005746307138605, 2.1422655623831153, -0.0
16.774218546418812, -0.8098275028469349, 2.1430670585092173, -0.0
16.9031974762185, -0.8191803251605821, 2.1414640662570132, -0.0
17.030109578904796, -0.8283832728646737, 2.1397274913171254, -0.0
17.158481077913727, -0.8376920477338071, 2.1374565856265026, -0.0
17.286122255833586, -0.846947863849223, 2.1323804434945233, -0.0
17.413978549336544, -0.8568389130947891, 2.1333155223083087, -0.7602872346198908
17.541445284467, -0.8717017161900054, 2.1341170184344107, -0.8306966309244405
17.668002650736614, -0.8935479510965798, 2.1309110339300026, -1.8017444872975366
17.791152385414566, -0.9281053561720989, 2.1289072936147475, -2.3636591715788615
17.90910123720897, -0.9774014356052533, 2.1313117819930536, -0.0
18.0266288811314, -1.0287105328309685, 2.1421319796954315, -0.0
18.144421890619142, -1.080135480822823, 2.1476088698904623, -0.0
18.261878348769983, -1.1314135004436983, 2.1442693026983703, -0.50664925226282
18.37839472524442, -1.1863992557528995, 2.1425327277584825, -1.5698583132900423
18.489042532871743, -1.2507820937107712, 2.1436013892599517, -0.5999845102919462
18.59698941643107, -1.3202440794926815, 2.1407961528185946, -0.0
18.70682905261193, -1.3909240194326948, 2.1419983970077476, -0.0
18.811903410729297, -1.4585375838908146, 2.1351856799358804, -0.0
18.919109041319157, -1.5276804161066364, 2.1222281592305636, -0.7331143644490565
19.022584682357323, -1.6021296608764937, 2.1158161902217474, -2.356962967011632
19.114247592585944, -1.6884627909601138, 2.1048624098316857, -2.3447607469664926
19.19306968600284, -1.786983274801287, 2.0945765428800427, -2.3333025647289842
19.257912968308112, -1.8965959047075835, 2.0956452043815124, -2.3344930252211933
19.306128377942443, -2.013166574196769, 2.0967138658829816, -2.335683485713402
19.336992830617746, -2.1327834571851403, 2.0869623296820734, -2.324820533721998
19.351271573199437, -2.257385688521052, 2.08829815655891, -2.3263086093372585
19.355449692395098, -2.382969512259279, 2.0869623296820734, -0.0
19.36040627319029, -2.508730329851859, 2.1020571733903286, -0.0
19.36538562925426, -2.635069012820012, 2.1041944963932675, -0.0
19.3703501828916, -2.7610321213040057, 2.1082019770237777, -0.0
19.375392079681323, -2.888957618474918, 2.1755276516163504, -0.0
19.38066818618806, -3.022825600337844, 2.234304034197168, -0.0
19.385988150501593, -3.157806364150293, 2.2547421854127707, -0.0
19.391320539355668, -3.2931023695459243, 2.255009350788138, -0.0
19.39617177061412, -3.428256759260872, 2.253673523911301, -0.8525368666632726
19.394099936986724, -3.5632710420051876, 2.255677264226556, -1.8306055525570453
19.37732493606905, -3.6970892625525846, 2.257814587229495, -2.3490493701496935
19.348171076444217, -3.8293915942319563, 2.257413839166444, -0.0
19.318247405050975, -3.965382077256684, 2.255410098851189, -0.0
19.2900202064776, -4.0936628058472, 2.251936948971413, -0.0
19.261072278029367, -4.225218948156997, 2.2514026182206788, -0.0
19.2319649916314, -4.357499305228857, 2.259417579481699, -0.0
19.203150434993855, -4.4884493288335285, 2.215335292546086, -0.0
19.175459448986686, -4.614293197156352, 2.1414640662570132, -0.0
19.147689405652542, -4.740496347732351, 2.1449372161367886, -0.0
19.12122847034114, -4.865854228297153, 2.1202244189153086, 2.367899388762096
19.109141230579905, -4.990529397657414, 2.0852257547421855, 2.32881233988006
19.108730900608165, -5.114196101607572, 2.04288004274646, -0.0
19.108332809768616, -5.2341741324376585, 1.9886454715468875, -0.0
19.107939656454, -5.352664074469306, 1.9531124766230297, -0.0
19.107556027893278, -5.46828341235125, 1.920384718140529, -0.0
19.107176736455084, -5.582595612844503, 1.8979428266096714, -0.0
19.106801046108647, -5.695822503517189, 1.881645738712263, -0.0
19.10642603715341, -5.808844034090817, 1.8784397542078546, -0.0
19.10605419203599, -5.920912035987024, 1.865081485439487, -0.0
19.105672256128326, -6.0360212360803835, 1.9692759818327545, -0.0
19.10526221579828, -6.159600646788779, 2.1021907560780124, -0.0
19.104823702705293, -6.291761279897737, 2.243254074271974, -0.0
19.10438383808138, -6.424329242196364, 2.1745925728025646, -0.0
19.103933691771427, -6.559995935543357, 2.275581084691424, -0.0
19.10348757415572, -6.69444844671239, 2.240048089767566, -0.0
19.102504131258456, -6.829147646985922, 2.239647341704515, -0.6757626651116766
19.096567609516836, -6.963205698422699, 2.2201442693026983, -0.5487724093525508
19.087325359300205, -7.093644538536322, 2.175794816991718, -0.0
19.078195271384786, -7.22250039613682, 2.1355864279989314, -0.0
19.069254739189443, -7.348680993093627, 2.0943093775046755, -0.0
19.06051180296295, -7.472072854798309, 2.057306973016297, -0.0
19.051857070696933, -7.594219865733103, 2.032594175794817, -0.0
19.043284594893848, -7.715205964837403, 2.01415976489447, -0.0
19.034794316577667, -7.835031984458863, 1.9994656692492654, -0.0
19.02632707261288, -7.954532912894952, 1.9919850387389795, -0.0
19.017897077801027, -8.073508132094641, 1.9842372428533261, -0.0
19.00949277287878, -8.192120781646864, 1.9688752337697035, -0.0
19.001117783201856, -8.310319695744171, 1.9652685012022442, -0.0
18.992757999489914, -8.42830400318302, 1.967405824205183, -0.0
18.98439526750456, -8.546329920549741, 1.9720812182741116, -0.0
18.975493280145603, -8.671966521874285, 2.1504141063318194, -0.0
18.965944851836152, -8.806726551563955, 2.3212663638792415, -0.0
18.955666141665287, -8.951793283271702, 2.4386855463531925, -0.0
18.94515864565221, -9.100088942912846, 2.488111140796153, -0.0
18.93460223837358, -9.249074902924397, 2.5068127170718677, -0.0
18.92389699070749, -9.400161495038159, 2.526048624098317, -0.0
18.913181221536274, -9.551396580526683, 2.523911301095378, -0.0
18.902576235474267, -9.701068148480953, 2.4981298423724287, -0.0
18.89205847883763, -9.849508619591688, 2.456318461127438, -0.0
18.88176511271594, -9.994782195431695, 2.419983970077478, -0.0
18.87159841347486, -10.138268080979776, 2.3809778252738445, -0.0
18.861579027411647, -10.279674888424196, 2.3371627037135987, -0.0
18.851822619945494, -10.417370194624702, 2.2950841570932408, -0.0
18.842257537850486, -10.552365264528744, 2.239780924392199, -0.0
18.83287065785482, -10.68484531107817, 2.197702377771841, -0.0
18.823699121762928, -10.814286140080355, 2.1498797755810846, -0.0
18.81469241879121, -10.941400626416684, 2.107266898209992, -0.0
18.805879606151024, -11.065778676348296, 2.0669249265295218, -0.0
18.79727218131773, -11.187258022319618, 2.014961261020572, -0.0
18.788430711006978, -11.312040527142742, 2.1084691423991453, -0.0
18.779330127763235, -11.440479975853506, 2.1528185947101255, -0.0
18.770293081763533, -11.568022703070824, 2.1361207587496662, -0.0
18.761151707669235, -11.697037846131904, 2.218274111675127, -0.0
18.751561343875085, -11.832389724760471, 2.3252738445097516, -0.0
18.74127666210499, -11.977540735562437, 2.4605931071333154, -0.0
18.730220581350626, -12.13357874751833, 2.6090034731498797, -0.0
18.719226965134016, -12.288735177428444, 2.6188885920384717, -0.0
18.708130198026893, -12.445347408923698, 2.6391931605663905, -0.0
18.696787809121655, -12.605426179595177, 2.6680470211060645, -0.0
18.68552917406212, -12.764322905393199, 2.6647074539139726, -0.0
18.674233859470696, -12.92373730118307, 2.6569596580283195, -0.0
18.66306881203903, -13.081313194787375, 2.6226289072936146, -0.0
18.651993135834267, -13.237627763616404, 2.6033930002671655, -0.0
18.64106712848253, -13.391830007943092, 2.5621159497729096, -0.0
18.63027399437399, -13.544156969593063, 2.528586695164307, -0.0
18.619697446876977, -13.693427174963018, 2.4791611007213463, -0.0
18.60930694184462, -13.84007170338932, 2.4376168848517232, -0.0
18.599121550938843, -13.983821390393269, 2.3857868020304567, -0.0
18.589130834588843, -14.124823572984361, 2.3409030189687416, -0.0
18.57930600973806, -14.263484475666848, 2.297755810846914, -0.0
18.569705444216694, -14.398980334541973, 2.252738445097515, -0.0
18.56027941689039, -14.532012879918193, 2.211594977290943, -0.0
18.55108038945106, -14.661841703119771, 2.1532193427731765, -0.0
18.54205172226258, -14.789266177488326, 2.1120758749666044, -0.0
18.53319380854985, -14.914280753314907, 2.0674592572802566, -0.0
18.524559802009954, -15.036135255432887, 2.024044883783062, -0.0
18.516079888987598, -15.155814986339749, 1.982233502538071, -0.0
18.507470480155202, -15.27732233312639, 2.0615816190221747, -0.0
18.498956210964764, -15.397486943647053, 1.9857066524178466, -0.0
18.490658379755395, -15.514596895556949, 1.9420251135452846, -0.0
18.482525759209988, -15.629375176404409, 1.901816724552498, -0.0
18.474521857516702, -15.742336806828225, 1.8751001870157629, -0.0
18.466648738840235, -15.853452654610344, 1.8541277050494256, -0.0
18.458767681054308, -15.964680549589273, 1.8835158963398344, -0.0
18.450453755687338, -16.082017643504667, 1.9593908629441625, -0.0
18.442095122867716, -16.199985708031353, 2.011087363077745, -0.0
18.433611473809986, -16.319718166803145, 2.0166978359604597, -0.0
18.424962622477814, -16.441782178233314, 2.0908362276248997, -0.0
18.415690307468935, -16.572645332397794, 2.227624899812984, -0.0
18.405692579779053, -16.713746468276284, 2.4288004274646005, -0.0
18.394984518292674, -16.864872772737865, 2.581218274111675, -0.0
18.383834665719903, -17.022234216427535, 2.6481432006411967, -0.0
18.372547021364213, -17.181540359721655, 2.6326476088698905, -0.0
18.361366584348847, -17.339333451454145, 2.6866150146940955, -0.0
18.350007491777546, -17.49964796631952, 2.676997061180871, -0.0
18.338609361779564, -17.660513428901915, 2.6816724552497995, -0.0
18.32732451869867, -17.81978003690686, 2.6496126102057174, -0.0
18.316169482362934, -17.977214640705014, 2.6271707186748596, -0.0
18.305038536268192, -18.133174596144908, 2.5810846914239916, -0.07665012806733325
18.293705942636734, -18.28640534709442, 2.5471546887523377, -0.0
18.28259018604545, -18.43670419175841, 2.489313384985306, -0.0
18.271725159889417, -18.58361284930998, 2.451776649746193, -0.0
18.260998589731027, -18.728649409689297, 2.3999465669249265, -0.0
18.249924046106635, -18.870007814427023, 2.3517232166711195, -1.0703251350441536
18.234789630821396, -19.00913526662576, 2.311915575741384, -0.0
18.220006554515965, -19.145032934508556, 2.271039273310179, -0.0
18.205428015060573, -19.27905033874786, 2.232300293881913, -0.0
18.19122736539766, -19.409593882712514, 2.1747261554902484, -0.0
18.177230908062498, -19.538260330153555, 2.1257013091103394, -0.0
18.1637168405037, -19.66249227125348, 2.0724018167245526, -0.0
18.15048205562125, -19.78415682626866, 2.023911301095378, -0.0
18.137523396850217, -19.903283012827416, 1.984771573604061, -0.0
18.12476002980546, -20.020613924193757, 1.9540475554368153, -0.0
18.11216932899084, -20.13635755172878, 1.9338765695965803, -0.0
18.09971705257573, -20.250828673279052, 1.9210526315789473, -0.0
18.087309906364613, -20.364884922488322, 1.910098851188886, -0.0
18.075035790374226, -20.477718253248028, 1.896473417045151, -0.0
18.062731508838795, -20.590828889430323, 1.8921987710392734, -0.0
18.050454630093903, -20.703687617603016, 1.9026182206786, -0.0
18.037631965313338, -20.821563640409035, 2.016831418648143, -0.0
18.024076024875843, -20.946180509953102, 2.1219609938551964, -0.0
18.01027523760912, -21.073048204182946, 2.1379909163772375, -0.0
17.99648078489648, -21.199857666208064, 2.1253005610472884, -0.0
17.981785847750487, -21.33494508959447, 2.292946834090302, -0.0
17.967248291600672, -21.468585743045573, 2.269837029121026, -0.0
17.953008071184875, -21.599493052502737, 2.1474752872027785, -0.0
17.93890400931364, -21.7291486854965, 2.1764627304301363, -0.0
17.924834973399395, -21.858482332337182, 2.1639059577878705, -0.0
17.910934123170343, -21.986269884040627, 2.1382580817526047, -0.0
17.897197590635646, -22.112546898221762, 2.1099385519636655, -0.0
17.88353101949544, -22.238180772223075, 2.0820197702377774, -0.0
17.870136719354807, -22.361311716989015, 2.057841303767032, -0.0
17.85689234387161, -22.48306443635159, 2.041544215869623, -0.0
17.843740015454873, -22.603970986661867, 2.025915041410633, -0.0
17.830675112425503, -22.72407385403015, 2.0245792145337966, -0.0
17.817842019441045, -22.844275032860484, 2.006278386321133, 0.49599370332618026
17.808152657175494, -22.963202204913518, 1.9907827945498264, 1.3472291011423256
17.805827126920033, -23.082244165802106, 1.9831685813518567, -0.0
17.80491637803152, -23.200880472295218, 1.979829014159765, -0.0
17.804006321209403, -23.319426628581777, 1.9758215335292546, -0.0
17.8030997337336, -23.437520859602753, 1.9732834624632647, -0.0
17.80219251421932, -23.555697421452354, 1.9746192893401016, -0.0
17.80128524569163, -23.673880367904765, 1.9734170451509485, -0.0
17.800378707684605, -23.79196815500581, 1.9759551162169382, -0.18744826939370715
17.79647222630957, -23.910219179287225, 1.9742185412770505, -1.6692566310036543
17.783280070131397, -24.02735421002051, 1.9716804702110606, -0.0
17.76917123134555, -24.14480705926155, 1.9724819663371627, -0.0
17.755088878763768, -24.262039416924186, 1.9706118087095912, -0.0
17.74102059462666, -24.379154658009295, 1.9680737376436015, -0.0
17.72694988773709, -24.49629006795344, 1.9695431472081217, -0.0
17.712884633323597, -24.61338008728385, 1.9746192893401016, -0.0
17.69871697481758, -24.7313225972142, 1.973149879775581, -0.0
17.68463890799386, -24.848519276923238, 1.9755543681538872, -0.0
17.670336893804155, -24.96758026712692, 2.036735239113011, -0.0
17.655158352651554, -25.09393814340255, 2.1681806037937483, -0.0
17.63882259439353, -25.22992958685444, 2.2654288004274648, -0.0
17.622973620997445, -25.361868657898537, 2.2559444296019238, -0.0
17.606780640141896, -25.4966715121985, 2.277718407694363, -0.0
17.59016749218451, -25.634972161321745, 2.300427464600588, -0.0
17.573855923565368, -25.77076223157409, 2.288672188084424, -0.0
17.55764798422427, -25.905689611837815, 2.265295217739781, -0.0
17.54162656025319, -26.039064294394244, 2.224819663371627, -0.0
17.525888211681455, -26.170082439130063, 2.1891530857600854, -0.0
17.509649612742724, -26.305265053517108, 2.1589633983435745, -0.0
17.495014487223838, -26.427099119189315, 2.1371894202511355, -0.0
17.479787362186485, -26.553861445170433, 2.1214266631044616, -0.0
17.464680343715287, -26.679623911515925, 2.1074004808976756, -0.0
17.449617844528582, -26.805015765021526, 2.0984504408228695, -0.0
17.434645618000193, -26.929656119336567, 2.0911033930002674, -0.0
17.419665033954296, -27.05436604806933, 2.0967138658829816, -0.0
17.40465960462591, -27.17928280808447, 2.092038471814053, -0.0
17.38987792741805, -27.3023368829787, 2.041277050494256, -0.0
17.37495729859048, -27.426547698260247, 2.077077210793481, -0.0
17.360156920241735, -27.549757455866168, 2.067192091904889, -0.0
17.345366915146556, -27.67288085851364, 2.048356932941491, -0.0
17.330815206444466, -27.794020498304576, 2.0431472081218276, -0.0
17.316278449643622, -27.915035666944487, 2.031792679668715, -0.0
17.301786429258613, -28.03567841517589, 2.023376970344643, -0.0
17.28730910957516, -28.156198783436153, 2.015362009083623, -0.0
17.272915357672094, -28.27602346907783, 2.00908362276249, -0.0
17.25858026171271, -28.395359857431913, 2.007347047822602, -0.0
17.244244528297617, -28.514701552458646, 2.006946299759551, -0.0
17.22928336561253, -28.639249802813936, 2.012823938017633, -0.0
17.215771188301602, -28.751735582027067, 2.015228426395939, -0.0
17.200482390097456, -28.87901132298667, 2.0179000801496128, -0.0
17.18697081437799, -28.991492094088795, 2.014961261020572, -0.0
17.172230700067797, -29.114200167385903, 2.012022441891531, -0.0
17.16230502090764, -29.19682917149515, 2.005744055570398, -0.0
17.146811762573993, -29.32580699617198, 2.0060112209457652, -0.0
17.135329822526725, -29.421391515481915, 2.004541811381245, -0.0
17.11396008556822, -29.599289677861226, 2.012022441891531, 0.1909541985675817
17.101528007022743, -29.718505811444402, 2.008816457387123, 1.0471735304931542
17.09337197892382, -29.845079924168136, 2.011220945765429, -0.0
17.083462493985838, -29.998866086790546, 2.021373230029388, -0.0
17.075957548600467, -30.115335989992374, 2.012423189954582, -0.0
17.068594525750576, -30.229603384965273, 2.0113545284531127, -0.0
17.06035359960267, -30.357495037929425, 2.0133582687683678, -0.0
17.053017838542353, -30.471339354807803, 2.011488111140796, -0.0
17.04465966439492, -30.601050589721464, 2.008816457387123, -0.0
17.036450849186206, -30.72844391021448, 2.004141063318194, -0.0
17.022678985345863, -30.9421706685092, 2.015094843708255, -0.0
17.015094843348802, -31.059869630847963, 2.1446700507614214, -0.0
17.005246578939133, -31.212705706742195, 2.2563451776649748, -0.0
16.9959446267028, -31.35706351628282, 2.223216671119423, -0.0
16.98691641374165, -31.49717314209317, 2.3538605396740584, -0.0
16.97688362667923, -31.652872841158697, 2.3129842372428535, -0.0
16.967980102591298, -31.79104740945047, 2.3173924659364147, -0.0
16.95939155863398, -31.92433377357301, 2.3041677798557307, -0.0
16.95134105511355, -32.049270241142565, 2.260753406358536, -0.0
16.941695329573747, -32.19896309861794, 2.2270905690622493, -0.0
16.931436846084708, -32.358165400249014, 2.1863478493187283, -0.0
16.923107322516298, -32.4874320043234, 2.1656425327277584, -0.0
16.91718619352518, -32.578029192624435, 2.1605663905957786, -0.5104999380824102
16.90591851044013, -32.698151737336424, 2.1500133582687684, -1.3350912596014075
16.884758232506517, -32.82953005944921, 2.1183542612877373, -0.0
16.860881251970323, -32.96172275851261, 2.116751269035533, -0.0
16.839483077739082, -33.0801917752448, 2.1098049692759817, -0.0
16.817106804284386, -33.204075948056065, 2.1008549292011756, -0.0
16.787742024809265, -33.36665133946006, 2.024445631846113, -0.0
16.76591370449415, -33.48750182028622, 2.0484905156291746, -0.0
16.743629466272967, -33.61087644852134, 2.0269837029121027, -0.0
16.72254643400487, -33.72760071085996, 2.006946299759551, -0.0
16.70086284812064, -33.847649882867486, 1.9788939353459791, -0.0
16.680275281318856, -33.961631046379786, 1.973149879775581, -0.0
16.65876748623911, -34.08213265176356, 1.948437082554101, 0.2908044478467876
16.644179346998662, -34.19384845375842, 1.9294683409030189, 0.7299756789879882
16.63504173207459, -34.305409368165876, 1.920384718140529, -0.0
16.62534943051502, -34.42156266667401, 1.9106331819396207, -0.0
16.615447218115364, -34.54023155307619, 1.9513759016831418, -0.0
16.605728640481317, -34.656699746112075, 2.074271974352124, -0.0
16.59534045977499, -34.781192514637915, 2.102324338765696, -0.0
16.58483489573283, -34.9070920142238, 2.1084691423991453, -0.0
16.574333988733642, -35.032935703443144, 2.1041944963932675, -0.0
16.563830007713317, -35.15881623197175, 2.097782527384451, -0.0
16.553320450137104, -35.284763590381424, 2.103526582954849, -0.0
16.542904032704527, -35.409594750038906, 2.0856265028052365, -0.0
16.532582635579345, -35.533287178914925, 2.05850921720545, -0.0
16.522422332230132, -35.6550490474041, 2.019903820464868, -0.0
16.512444509481895, -35.77462405412608, 1.988511888859204, -0.0
16.5022471241106, -35.89683031646271, 2.0949772909430937, -0.0
16.491367886309476, -36.02720795154641, 2.228426395939086, -0.0
16.48027210933438, -36.160180608994835, 2.216537536735239, -0.0
16.469373604632906, -36.290789140116345, 2.2006411969008814, -0.0
16.45821368495013, -36.42453048878084, 2.239380176329148, -0.0
16.447112516469854, -36.557567758448265, 2.23256745925728, -0.0
16.436097489135403, -36.68957270589964, 2.198904621960994, -0.0
16.425208345759366, -36.82006905016634, 2.1717873363612075, -0.0
16.41446712827347, -36.948792639017924, 2.1370558375634516, -0.0
16.403894384133544, -37.07549723013972, 2.0943093775046755, -0.0
16.393617288365117, -37.19865874809803, 2.0661234304034197, -0.0
16.383388425348834, -37.32124224098941, 2.047021106064654, -0.0
16.373190380927127, -37.443456401437615, 2.03379641998397, -0.0
16.363113991676997, -37.564212636812755, 2.021373230029388, -0.0
16.353066149873683, -37.68462675735672, 2.004675394068929, -0.0
16.343090775326356, -37.80417242464787, 2.001602992252204, -0.0
16.33309485980074, -37.92396425662633, 2.006278386321133, -0.0
16.323075720896117, -38.044034399391776, 2.0060112209457652, -0.0
16.31307475058981, -38.163886808256635, 2.004274646005878, -0.0
16.3030380376403, -38.28416755974787, 2.003205984504408, -0.0
16.293037284191048, -38.404017369780874, 1.998797755810847, -0.0
16.283067645368217, -38.52349429970192, 1.994255944429602, -0.0
16.27300209986892, -38.64412058272056, 1.9870424792946835, -0.0
16.263213053862106, -38.761433274236666, 1.9853059043547956, -0.0
16.253312326387586, -38.88008436518009, 1.9811648410366016, -0.0
16.243405858467327, -38.998804250073356, 1.9755543681538872, -0.0
16.23366045323079, -39.115593947191684, 1.9808976756612342, -0.0
16.223787154790134, -39.233916326452054, 1.9786267699706117, -0.0
16.213989146019767, -39.35133642842628, 1.9732834624632647, -0.0
16.20412062978641, -39.46960149734106, 1.9720812182741116, -0.0
16.1942915000354, -39.58739455557669, 1.9684744857066525, -0.0
16.184477070268713, -39.7050114480527, 1.968608068394336, -0.0
16.174684233615746, -39.82236956696825, 1.9432273577344377, -0.0
16.16495058264711, -39.939018400022555, 1.9528453112476623, -0.0
16.155249325567123, -40.05527902218642, 1.9374833021640396, -0.0
16.145554488650916, -40.171462704606384, 1.9202511354528453, -0.0
16.136079484750603, -40.285011891002874, 1.9102324338765695, -0.0
16.12656677836943, -40.39901290687315, 1.9003473149879775, -0.0
16.117145528929036, -40.51191789562567, 1.892332353726957, -0.0
16.107738125792345, -40.624656949193714, 1.8896606999732835, -0.0
16.09829213942777, -40.7378583871767, 1.8955383382313653, -0.0
16.088864812858557, -40.85083620471541, 1.8962062516697835, -0.0
16.079414668540025, -40.964087471943195, 1.8928666844776918, -0.0
16.069936985921615, -41.07766876030647, 1.8940689286668448, -0.0
16.06050040672206, -41.190757462089515, 1.8880577077210794, -0.0
16.051047000605582, -41.304047818958544, 1.8839166444028854, -0.0
16.041686754925635, -41.4162217338837, 1.8793748330216404, -0.0
16.032285789700765, -41.52888363501398, 1.880710659898477, -0.0
16.022616623238857, -41.64475968070571, 1.888992786534865, -0.0
16.01339760049646, -41.755241168922836, 1.8946032594175795, -0.0
16.003816318971783, -41.87006399466615, 1.898477157360406, -0.0
15.994451834391814, -41.98228870890007, 1.8962062516697835, -0.0
15.985072041591804, -42.094696878037965, 1.8916644402885385, -0.0
15.97549422571554, -42.209478171180145, 1.8888592038471814, -0.0
15.966216572408308, -42.32066229266317, 1.8880577077210794, -0.0
15.95680680592645, -42.43342966874422, 1.8867218808442425, -0.0
15.947389562147402, -42.54628665333848, 1.8847181405289875, -0.0
15.937973439726491, -42.659130199489304, 1.8817793213999465, -0.0
15.928512084262193, -42.77251582196314, 1.8804434945231099, -0.0
15.919160195503792, -42.884589586888104, 1.8805770772107935, -0.0
15.909759228421427, -42.997251510278716, 1.8837830617152016, -0.0
15.900255683780319, -43.11114273114088, 1.8954047555436815, -0.0
15.890847282438935, -43.2238937472719, 1.8975420785466204, -0.0
15.881400193407494, -43.33710839970069, 1.8950040074806305, -0.0
15.871960815128324, -43.45023064587232, 1.8932674325407428, -0.0
15.86253263703464, -43.56321866814676, 1.8909965268501203, -0.0
15.853120998802266, -43.67600847543209, 1.8900614480363345, -0.0
15.843705382195534, -43.78884595986631, 1.8879241250333956, -0.0
15.834278338083479, -43.90182039241638, 1.8863211327811915, -0.0
15.824841570442002, -44.0149113525021, 1.8879241250333956, -0.0
15.815378501009889, -44.128317515300026, 1.8990114881111408, -0.0
15.805883826720992, -44.24210243316883, 1.897675661234304, -0.0
15.796465483437348, -44.35497259431201, 1.8962062516697835, -0.0
15.787019935223801, -44.46816878145888, 1.891931605663906, -0.0
15.777563351199356, -44.581497222625046, 1.8904621960993855, -0.0
15.76812133837234, -44.69465104142375, 1.8913972749131713, -0.0
15.758671540962307, -44.807898151273, 1.891530857600855, -0.0
15.74924132976042, -44.92091053847488, 1.8883248730964468, -0.0
15.73981027028838, -45.03393309141244, 1.885653219342773, -0.0
15.730401361614, -45.14669018746172, 1.8845845578413039, -0.0
15.720997299286264, -45.25938920451446, 1.8831151482767834, -0.0
15.71155611912152, -45.372533044623495, 1.9000801496126103, -0.0
15.701359489159087, -45.49473025408135, 2.0699973283462465, -0.44400360166213515
15.687944179686975, -45.61788410189862, 2.0866951643067058, -1.4120461327045006
15.664397034913364, -45.741580143651014, 2.1060646540208388, -1.9245865083901557
15.626453975228118, -45.861221687618965, 2.1016564253272776, -2.341189365489867
15.5717810176558, -45.97522989788246, 2.0965802831952978, -2.3355346781518755
15.502367009437387, -46.07943120883436, 2.0949772909430937, -2.3337489874135624
15.418841786541071, -46.17325750171735, 2.0896339834357467, -2.3277966849525193
15.323467727924761, -46.25417563159544, 2.083355597114614, -1.247403036500534
15.22249706550577, -46.328107156595564, 2.0744055570398077, -0.0
15.121847566228679, -46.40180352337958, 2.07667646273043, -0.0
15.020993380622375, -46.475649763127706, 2.082954849051563, -0.0
14.919690453749297, -46.54982457481335, 2.098984771573604, -0.0
14.818439375971792, -46.62396142217733, 2.0935078813785735, -0.0
14.716274076420115, -46.69876767002195, 2.0952444563184613, -0.0
14.615588940082969, -46.77225933903707, 2.0905690622495325, -0.6764597059045369
14.5107593583129, -46.84070555009336, 2.089099652685012, -2.327201454706415
14.397891817754502, -46.89455451051133, 2.0897675661234305, -2.3279454925140453
14.278860942956959, -46.93213783463252, 2.0856265028052365, -2.3233324581067367
14.155905624769677, -46.9528315012982, 2.0860272508682876, -2.323778880791315
14.030875900417739, -46.95628308296712, 2.0908362276248997, -2.329135953006254
13.906475358158852, -46.94230771646809, 2.092439219877104, -2.330921643744567
13.785617927428829, -46.911283868373154, 2.089901148811114, -2.328094300075571
13.66703484820821, -46.870333071535796, 2.093240716003206, -0.0
13.547929220760677, -46.82997161187272, 2.092038471814053, -0.0
13.424266616767634, -46.788065924376184, 2.222815923056372, -0.0
13.297044840101146, -46.74495413598105, 2.240849585893668, -0.0
13.169030991172267, -46.70157393715599, 2.253005610472883, -0.0
13.041716078963148, -46.65843058781342, 2.24926529521774, -0.0
12.913300422389725, -46.614914227974104, 2.2502003740315257, -0.0
12.784985399329814, -46.572271293230315, 2.2535399412236172, 2.162702116789501
12.652924389182367, -46.54341146148541, 2.2502003740315257, -0.2868223715776614
12.520965683222975, -46.52053599201836, 2.246593641464066, -0.0
12.388065211058136, -46.49749726432654, 2.245524979962597, -0.0
12.255691745823496, -46.474549894994546, 2.247795885653219, -0.0
12.122601339698654, -46.45147824163503, 2.252471279722148, -0.0
11.986851898968252, -46.42794563600648, 2.3535933742986908, -0.0
11.84339081858719, -46.403076192644576, 2.436548223350254, -0.0
11.698626087969417, -46.377980757287915, 2.4568527918781724, -0.0
11.553821278528153, -46.352878374137276, 2.4585893668180603, -0.0
11.409567640174668, -46.32787153828152, 2.4329414907827944, -0.0
11.265005383567715, -46.302811202451025, 2.449772909430938, -0.0
11.120338248081689, -46.281055487112724, 2.4292011755276515, -0.0
10.97721142524844, -46.26277747140984, 2.397675661234304, -0.0
10.835750634655176, -46.24471221640995, 2.3574672722415175, -0.0
10.697244143276425, -46.22702424029019, 2.3240716003205986, -0.0
10.560115932146658, -46.209512277495776, 2.291611007213465, -0.0
10.421355608810883, -46.19179188575744, 2.4040876302431204, -0.0
10.27573312399329, -46.17319516145727, 2.4923857868020303, -0.0
10.125982708979668, -46.15407127969319, 2.5224418915308577, -0.0
9.980010019884023, -46.13542983254396, 2.4179802297622226, -0.0
9.832467999195767, -46.11658797385115, 2.494255944429602, -0.0
9.685322527014442, -46.0977967563987, 2.46874165108202, -0.0
9.538951173264334, -46.07910439776642, 2.446700507614213, -0.0
9.393777520049094, -46.06056499152106, 2.431071333155223, -0.0
9.251010012337206, -46.04233286216778, 2.3899278653486506, -0.0
9.109515053530084, -46.024263243715005, 2.3620090836227625, -0.0
8.970217097498113, -46.006474193575194, 2.3334223884584557, -0.0
8.833025202116518, -45.988954097981264, 2.298156558909965, -0.0
8.697549808383336, -45.971653208287826, 2.256211594977291, -0.09150321729156773
8.565128636817649, -45.953384114352374, 2.2130643868554634, -0.7160963544869304
8.435610184460044, -45.93097782328548, 2.1791343841838096, -0.0
8.308074809691318, -45.90828356144527, 2.1506812717071866, -0.0
8.181806532753983, -45.88581477312576, 2.1266363879241252, -0.0
8.0567749353848, -45.86356604555396, 2.1130109537803903, -0.0
7.932279787931883, -45.84141277647661, 2.1052631578947367, -0.0
7.80835848009113, -45.81936161919716, 2.092439219877104, -0.0
7.6893510852436755, -45.7981848673784, 2.0798824472348385, -0.0
7.5628611411082325, -45.773177315620366, 2.0846914239914507, -1.3874165639430176
7.441648314986808, -45.74037966705839, 2.0919048891263694, -0.0
7.321121533624826, -45.70642177170624, 2.094042212129308, -0.0
7.198580669249494, -45.671896417243126, 2.1677798557306973, -0.0
7.066441585504258, -45.634666806304836, 2.34157093240716, -0.0
6.930239673056531, -45.5962925110868, 2.3733636120758748, -0.0
6.791455212197393, -45.557190594109485, 2.4015495591771305, -0.0
6.652701098566735, -45.51809722733153, 2.4023510553032326, -0.0
6.512303679166101, -45.478540866314965, 2.434010152284264, -0.0
6.370734684538225, -45.43865441908425, 2.4317392465936414, -0.0
6.232596440850894, -45.39973457097865, 2.4052898744322735, -0.0
6.094965909012274, -45.36095776847365, 2.3751001870157626, -0.0
5.959142219468938, -45.32269003591051, 2.3421052631578947, -0.0
5.825412607576618, -45.28501230059885, 2.296553566657761, -0.0
5.69459980496506, -45.2481563635896, 2.2555436815388727, -0.0
5.557622063063065, -45.20956348180416, 2.3892599519102324, -0.0
5.420365677730368, -45.17089209344655, 2.335826876836762, -0.0
5.288167512311009, -45.13364583650407, 2.3173924659364147, -0.0
5.153808888345172, -45.09579087978214, 2.31031258348918, -0.0
5.020982931063057, -45.058367745218476, 2.293347582153353, -0.0
4.890068077671479, -45.02148305584672, 2.267298958055036, -0.0
4.760836643566334, -44.98507266252201, 2.232300293881913, -0.0
4.633365969268482, -44.94915835559901, 2.1952978893935344, -0.0
4.5077167570451575, -44.91375723767697, 2.1589633983435745, -0.0
4.385137164517013, -44.879220971725594, 2.1166176863478494, -0.0
4.264393332033284, -44.84396772916825, 2.0728025647876036, -0.5575549161219395
4.146878068026473, -44.80688051499486, 2.0418113812449907, -0.0
4.0309213916907565, -44.770285183091005, 2.0183008282126638, -0.0
3.915795163519611, -44.733951936365614, 2.003339567192092, -0.0
3.8018275978438347, -44.69798435757693, 1.9910499599251936, -0.0
3.6885671105492777, -44.66223992909627, 1.9774245257814587, -0.0
3.576188007417598, -44.626773660933715, 1.973550627838632, -0.0
3.4632818154634473, -44.591141046244076, 1.9782260219075607, -0.0
3.3502508475069455, -44.55546905288851, 1.9750200374031526, -0.0
3.2375309527083216, -44.51989523262498, 1.9708789740849586, -0.0
3.1246174312134234, -44.4842603047699, 1.968608068394336, -0.0
3.0118924643606446, -44.44868488379211, 1.9690088164573871, -0.0
2.8992351411134654, -44.41313081078907, 1.9660699973283462, -0.0
2.7795640025844506, -44.37536321368149, 2.1285065455516965, -0.0
2.6531429406980016, -44.335465375406294, 2.248330216403954, -0.0
2.524215712023448, -44.29477660375567, 2.250066791343842, -0.0
2.396551074563408, -44.2544862994121, 2.252471279722148, -0.0
2.2657616770778515, -44.21320983684231, 2.2699706118087097, -0.0
2.1367374841990254, -44.172490463786495, 2.269436281057975, -0.0
2.0074422285137774, -44.1316855447002, 2.2485973817793212, -0.0
1.8804090076332673, -44.09159451218839, 2.210526315789474, -0.0
1.7551696730492141, -44.05206962098461, 2.1764627304301363, -0.0
1.6314327518600549, -44.01301888373713, 2.150547689019503, -0.0
1.5098134356147548, -43.97463645174132, 2.1285065455516965, -0.0
1.381143277508372, -43.9340288102426, 2.289206518835159, -0.0
1.2434135145035927, -43.890562003936374, 2.4477691691156824, -0.0
1.1010735450988767, -43.84564024015222, 2.506946299759551, -0.0
0.9574152894700949, -43.80030243200184, 2.508282126636388, -0.0
0.8130008615068068, -43.75472597974375, 2.5224418915308577, -0.0
0.66757645350303, -43.70883078296861, 2.542479294683409, -0.0
0.5229590146128102, -43.66319026150394, 2.536200908362276, -0.0
0.3789652615217895, -43.61774657207643, 2.5038738979428268, -0.0
0.23666141757010167, -43.57283620929983, 2.471546887523377, -0.0
0.09564986824229027, -43.52833368807383, 2.4325407427197434, -0.0
-0.04194382642166957, -43.48490982423759, 2.3915308576008547, -0.0
-0.17625247924427218, -43.44252270274601, 2.346112743788405, -0.0
-0.3089752161220809, -43.400636088186886, 2.310980496927598, -0.0
-0.43998556128330396, -43.359289895664666, 2.2782527384450977, -0.0
-0.5695325482112541, -43.31840553149019, 2.251135452845311, -0.0
-0.6976147582783283, -43.277983443375035, 2.2365749398877903, -0.0
-0.8254329595854387, -43.23764467506949, 2.223216671119423, -0.0
-0.9521279621229164, -43.19766038253083, 2.215068127170719, -0.0
-1.0787293843810288, -43.15770562344804, 2.208388992786535, -0.0
-1.2053147673533162, -43.117755926281525, 2.207453913972749, -0.0
-1.3313941321971516, -43.077965925839216, 2.203713598717606, -0.0
-1.458991236862534, -43.03769693449903, 2.204247929468341, -0.0
-1.5844496609478451, -42.99810289977314, 2.215068127170719, -0.0
-1.7109625427073172, -42.958176083617275, 2.21546887523377, -0.0
-1.8397990376452795, -42.91751594706823, 2.297355062783863, -0.0
-1.9749963559647394, -42.87484836730692, 2.3454448303499866, -0.0
-2.110755438208859, -42.832003497734235, 2.3897942826609673, -0.0
-2.2470594474398076, -42.78898665200135, 2.3813785733368955, -0.0
-2.383159961178804, -42.74603402840128, 2.3901950307240183, -0.0
-2.526134448493628, -42.700912014021355, 2.481565589099653, -0.0
-2.669738122640654, -42.655591431506494, 2.524178466470745, -0.0
-2.813255570627544, -42.610298061525214, 2.5117552765161637, -0.0
-2.9568063406909184, -42.564994175267614, 2.512289607266898, -0.0
-3.1006812207874646, -42.51958800154705, 2.507079882447235, -0.0
-3.244717759330913, -42.47413080925035, 2.506679134384184, -0.0
-3.38754993495436, -42.42905370770981, 2.502805236441357, -0.0
-3.530470997566806, -42.383948553891756, 2.495858936681806, -0.0
-3.6730777972807434, -42.3389425798315, 2.490382046486775, -0.0
-3.816159527518972, -42.29378672013537, 2.483836494790275, -0.0
-3.9628477690306245, -42.24749266399177, 2.5947101255677265, -0.0
-4.1119983932899125, -42.200421492491195, 2.6259684744857066, -0.0
-4.261692504337605, -42.15317879934965, 2.6107400480897676, -0.0
-4.408629493933511, -42.10680623958736, 2.5682607534063586, -0.0
-4.554500610622976, -42.06077006384375, 2.5558375634517767, -0.0
-4.701177651209287, -42.0144795426547, 2.54795618487844, -0.0
-4.845997133389017, -41.96877525736485, 2.5245792145337966, -0.0
-4.989765530199174, -41.92340268922293, 2.501335826876837, -0.0
-5.130550375887837, -41.87897171450189, 2.4569863745658562, -0.0
-5.2707372970196325, -41.83472944170214, 2.4288004274646005, -0.0
-5.4077877834422345, -41.79147701159886, 2.3844509751536203, -0.0
-5.546267184594931, -41.74777362334066, 2.346112743788405, -0.0
-5.675211801072327, -41.70707936418871, 2.3045685279187818, -0.0
-5.806015546632278, -41.665798373440275, 2.275180336628373, -0.0
-5.934890008886757, -41.62512625460101, 2.2403152551429333, -0.0
-6.06140110353808, -41.58520000244731, 2.1940956452043814, -0.0
-6.185225191715562, -41.546042048528385, 2.1582954849051563, -0.1578537777710075
-6.3077618574121335, -41.506707639508825, 2.1349185145605127, -0.0
-6.4292559081911405, -41.467707911063314, 2.1188885920384717, -0.0
-6.5496454360974345, -41.429062735715846, 2.1055303232701044, -0.0
-6.6752156182205145, -41.388754564474105, 2.23764360138926, -0.0
-6.811014380960709, -41.345163007223796, 2.3565321934277317, -0.0
-6.942869537683814, -41.30283735198908, 2.3701576275714666, -0.0
-7.078406748910091, -41.259329753072144, 2.3621426663104463, -0.0
-7.213190303789664, -41.21606407869945, 2.3773710927063854, -0.0
-7.350019339364977, -41.172141802697595, 2.3813785733368955, -0.0
-7.484719158257363, -41.128903007672, 2.3624098316858135, -0.0
-7.618703222713933, -41.08589397063415, 2.332888057707721, -0.0
-7.750889741871658, -41.043461947681145, 2.2992252204114347, -0.0
-7.880640303941971, -41.00160732459863, 2.263558642799893, -0.46087567984363753
-8.007997434852557, -40.95794700406245, 2.2270905690622493, -0.0
-8.132445817274439, -40.91484947671816, 2.1792679668714934, -0.0
-8.25386492845849, -40.872801011623345, 2.1330483569329415, -0.0
-8.373387359095771, -40.83140938304288, 2.084557841303767, -0.0
-8.490298555784006, -40.790922046863265, 2.045818861875501, -0.0
-8.604550393396812, -40.751355669222775, 2.007480630510286, -0.0
-8.716780177844507, -40.7124895456947, 1.971546887523377, -0.0
-8.82684070985628, -40.672564228330195, 1.9426930269837028, -1.0985574327640484
-8.933548016201875, -40.62710107046315, 1.9227892065188352, -0.015342866891738088
-9.038681074797159, -40.58125822970396, 1.9087630243120493, -0.015230945186608693
-9.143667937011028, -40.5353647779275, 1.9068928666844778, -0.01521602229259144
-9.247947091169348, -40.48966732551636, 1.9008816457387123, -0.015168055847535986
-9.351988630494017, -40.44396135563905, 1.8936681806037938, -0.01511049611346944
-9.460555121131398, -40.39614834466806, 2.0212396473417047, -0.016128450669646313
-9.579131486472509, -40.34378875136868, 2.2197435212396472, -0.017712409277477543
-9.70486925676834, -40.28810825457608, 2.3167245524979965, -0.018486267924372215
-9.833685382110051, -40.230894005875, 2.3481164841036604, -0.01873675935966181
-9.967851068364261, -40.17112054043436, 2.3518567993588033, -0.018766605147696316
-10.02141506839988, -40.147206500778175, 2.3634784931872828, -0.018859340274803526
-10.221822825188443, -40.05748315265502, 2.3908629441624365, -0.019077854080056154
-10.35445866788762, -39.99785175745541, 2.3779054234571197, -0.018974459742936618
-10.483141478124804, -39.93981984778979, 2.3570665241784665, -0.018808176066744377
-10.610770917338797, -39.88209020189002, 2.32594175794817, -0.018559816473457242
-10.73674508254399, -39.82538068011241, 2.286802030456853, 0.21703259363155167
-10.86112622420196, -39.772643442687794, 2.2493988779054233, 0.09132123427375705
-10.985335950138186, -39.72283036189493, 2.2093240716003204, -0.0
-11.106444116859945, -39.67426113071665, 2.170451509484371, -0.0
-11.226610976689054, -39.626069401347834, 2.1429334758215335, -0.0
-11.345612029957245, -39.578345207157696, 2.1224953246059313, -0.0
-11.462868884811074, -39.53132050647241, 2.1120758749666044, -0.0
-11.5799417709238, -39.48436958462929, 2.0963131178199306, -0.0
-11.696253326382013, -39.437723986907265, 2.0876302431204916, -0.0
-11.812200372122522, -39.39122457219853, 2.082954849051563, -0.0
-11.928921806420602, -39.34441459662597, 2.0952444563184613, -0.0
-12.044843241409854, -39.29778782625577, 2.0919048891263694, -0.3121292253299183
-12.163216004450266, -39.24674359796093, 2.058642799893134, -1.5315062813066302
-12.27006856010111, -39.19369643127203, 2.059310713331552, -0.0
-12.414938417072495, -39.12162426791894, 2.037536735239113, -0.0
-12.524186201876164, -39.06727394027356, 2.023777718407694, -0.0
-12.61437668720791, -39.02240454143783, 2.016965001335827, -0.0
-12.708682950815861, -38.97548755968562, 2.0530323270104196, -0.0
-12.863266616129435, -38.898582816275805, 2.223216671119423, -0.0
-13.005785559007274, -38.827680223101915, 2.250467539406893, -0.0
-13.144304149241762, -38.758767789062645, 2.256745925728026, -0.0
-13.279961880144596, -38.69127862087999, 2.2604862409831687, -0.0
-13.396508950892242, -38.633296928229406, 2.253807106598985, -0.0
-13.50906706419708, -38.57729972564761, 2.3327544750200375, -0.0
-13.637999809259862, -38.513156210509315, 2.459925193694897, -0.0
-13.73796999074941, -38.46342145269717, 2.461661768634785, -0.0
-13.904969917533048, -38.38033966981474, 2.495725353994122, -0.0
-14.005636609919726, -38.330258400670246, 2.4247929468340903, -0.0
-14.13175589492315, -38.2675145704438, 2.455516965001336, -0.0
-14.257105660068948, -38.20515357320996, 2.4250601122094575, -0.0
-14.390100055485116, -38.13898940357616, 2.4114346780657225, -0.0
-14.512419654360112, -38.07813590171107, 2.3773710927063854, -0.0
-14.646587096093887, -38.0113881463156, 2.3339567192091906, -0.0
-14.76288407425457, -37.953530873707656, 2.297889393534598, -0.0
-14.884616619264001, -37.892969428747854, 2.266898209991985, -0.0
-15.005918054477576, -37.83262245915429, 2.244990649211862, -0.0
-15.12576071754349, -37.77300122275821, 2.2300293881912903, -0.0
-15.24536557188298, -37.713498295234224, 2.218674859738178, -0.0
-15.364550203169433, -37.65420442696629, 2.209991985038739, -0.0
-15.483390238400562, -37.59508199383131, 2.210526315789474, -0.0
-15.601354701666242, -37.5363951541803, 2.207453913972749, -0.0
-15.71941652582304, -37.4776598778828, 2.1911568260753405, -0.0
-15.834760709682627, -37.42027661655605, 2.176997061180871, -0.0
-15.952030923681034, -37.36193516308575, 2.1661768634784933, -0.0
-16.07239176017811, -37.30205613751975, 2.28453112476623, -0.0
-16.19626935379032, -37.24042753962328, 2.2839967940154957, -0.0
-16.319251508696333, -37.17924441883334, 2.307373764360139, -0.0
-16.442515829850183, -37.117920921485215, 2.289072936147475, -0.0
-16.565505637754388, -37.05673399335987, 2.2843975420785467, -0.0
-16.68767354301451, -36.995955958449876, 2.271974352123965, -0.0
-16.809351115637334, -36.93542186202834, 2.261154154421587, -0.0
-16.93312598842847, -36.87404517548948, 2.2547421854127707, 0.3120059251939127
-17.05264880089049, -36.81609969877373, 2.251669783596046, -0.0
-17.174224683825656, -36.757158879454806, 2.251936948971413, -0.0
-17.297809562748306, -36.69724408514468, 2.2464600587763828, -0.0
-17.41663532216405, -36.63963654451186, 2.243387656959658, -0.0
-17.53785121928889, -36.580870248775156, 2.243387656959658, -0.0
-17.658580602121795, -36.52233981849372, 2.24271974352124, -0.0
-17.779498288494075, -36.463718097368876, 2.244990649211862, -0.0
-17.908011337537978, -36.401414092487734, 2.4163772375100185, -0.0
-18.04401873597529, -36.33547677577824, 2.585359337429869, -0.0
-18.179529798705232, -36.26978008601337, 2.489714133048357, -0.0
-18.31887952783816, -36.20222238452955, 2.6170184344109004, -0.0
-18.459532128828247, -36.13403304186102, 2.5860272508682876, -0.0
-18.60010571481859, -36.06588200620463, 2.5996526850120225, -0.0
-18.73882318138854, -35.99863082993442, 2.5670585092172056, -0.0
-18.876661735255194, -35.93180575655231, 2.539941223617419, -0.0
-19.012595791608014, -35.86590399658686, 2.4989313384985308, -0.0
-19.145822265631868, -35.80131489104751, 2.45965802831953, -0.0
-19.276877426646504, -35.73777845290133, 2.4048891263692225, -0.0
-19.404947110835703, -35.67568939433324, 2.3721613678867217, -0.0
-19.539847849701086, -35.61028859375098, 2.509751536200908, -0.0
-19.679827267802185, -35.542425614749895, 2.598584023510553, -0.0
-19.821556047351258, -35.47371453335763, 2.6366550895004006, -0.0
-19.964495374112513, -35.40441657039981, 2.6220945765428803, -0.0
-20.104721112042114, -35.336434173861676, 2.6195565054768903, -0.0
-20.24685254262542, -35.267527884494896, 2.6285065455516965, -0.0
-20.38889077875142, -35.19866677643824, 2.6124766230296554, -0.0
-20.528526773995445, -35.130970291186415, 2.5856265028052365, -0.0
-20.667095851342452, -35.063791055026094, 2.5492920117552766, -0.0
-20.80280221258363, -34.997999683207624, 2.517232166711194, -0.0
-20.93709523282892, -34.93289350876764, 2.473951375901683, -0.0
-21.06966985266288, -34.868620426596586, 2.436948971413305, -0.0
-21.200156750927547, -34.80535948611707, 2.3983435746727224, -0.0
-21.327659228336326, -34.74354541327439, 2.3582687683676196, -0.0
-21.453604112142962, -34.682486472460035, 2.3187282928132515, -0.0
-21.57865722916651, -34.62185986627956, 2.2815923056371896, -0.0
-21.699356181461628, -34.563344188930905, 2.25981832754475, -0.0
-21.820943909331543, -34.50439762710661, 2.240448837830617, -0.0
-21.94096087854101, -34.44530983809314, 2.228426395939086, -0.721067144658114
-22.059712920489993, -34.38099498218938, 2.218674859738178, -0.0
-22.173900602662286, -34.31689589451718, 2.2156024579214533, -0.0
-22.287441840094548, -34.25315968765032, 2.170451509484371, -0.0
-22.40195250072133, -34.18887929649707, 2.1824739513759015, -0.0
-22.515617385213094, -34.12507368053497, 2.1652417846647074, -0.0
-22.628588244294118, -34.06165765471782, 2.1558909965268502, -0.0
-22.74087656370267, -33.99862477154332, 2.1445364680737375, -0.0
-22.85290355718233, -33.93573858329518, 2.1363879241250334, -0.0
-22.964350772349565, -33.87317785275117, 2.1347849318728294, -0.0
-23.07564229558073, -33.81070451964679, 2.1306438685546354, -0.0
-23.18678792404346, -33.74831308435638, 2.1295752070531657, -0.0
-23.29803384844895, -33.68586534808582, 2.1282393801763293, -0.0
-23.409659357471615, -33.62320453254793, 2.1277050494255945, -0.0
-23.52138890228236, -33.5604853166732, 2.1277050494255945, -0.0
-23.631730486631348, -33.49854523036509, 2.1266363879241252, -0.0
-23.742846411799363, -33.43617046897554, 2.1262356398610742, -0.0
-23.853832557204623, -33.373868559265205, 2.1269035532994924, -0.0
-23.964937610720824, -33.31149990066144, 2.1261020571733904, -0.0
-24.07611522140849, -33.24909051219604, 2.1232968207320333, -0.0
-24.1923039431194, -33.183868143917906, 2.27798557306973, -0.0
-24.314545256543038, -33.11524816217168, 2.3179267966871495, -0.0
-24.432499179628334, -33.0490349006947, 2.3095110873630778, -0.0
-24.558943380587458, -32.9780556342035, 2.451776649746193, -0.0
-24.691686737493985, -32.90354034577322, 2.528586695164307, -0.0
-24.822932286081716, -32.82986584984276, 2.463799091637724, -0.0
-24.951124685568974, -32.75790523467549, 2.5170985840235107, -0.0
-25.086251780136678, -32.68205183861026, 2.6219609938551964, -0.0
-25.221485765010137, -32.606138439828904, 2.5720010686615016, -0.0
-25.35530859859344, -32.531298640575855, 2.5394068928666846, 0.9051204977831903
-25.49048632328386, -32.46136007921659, 2.516965001335827, -0.0
-25.623340517476038, -32.39355556861957, 2.494656692492653, -0.0
-25.757418261574127, -32.32512659747716, 2.490649211862143, -0.0
-25.88924819553937, -32.25784483637881, 2.474485706652418, -0.0
-26.020469793421817, -32.19087355046435, 2.4420251135452844, -0.0
-26.147464592032996, -32.12605948704274, 2.4066257013091104, -0.0
-26.277191072957997, -32.05985126076822, 2.3674859738177934, -0.0
-26.402254297043054, -31.996023010901244, 2.333288805770772, -0.0
-26.525924789270285, -31.931595108063853, 2.3384985305904356, -1.8186357101466126
-26.649777014434363, -31.85150244589999, 2.4874432273577343, 0.4794885482464051
-26.774075979575784, -31.76537359494768, 2.507079882447235, -0.0
-26.898037074727217, -31.679478859814246, 2.5273844509751537, -0.0
-27.02208116184938, -31.59352661814349, 2.512423189954582, -0.0
-27.145509040458254, -31.508001357752395, 2.500267165375367, -0.0
-27.26869451864403, -31.42264406070587, 2.495725353994122, -0.0
-27.392257249131173, -31.3370253591722, 2.491450707988245, -0.0
-27.51440988577367, -31.252383735464043, 2.489981298423724, -0.0
-27.637098671345704, -31.16737060511311, 2.469943895271173, -0.0
-27.7568000261121, -31.084427515991376, 2.4202511354528453, -0.0
-27.876100892142333, -31.001761932274658, 2.3907293614747527, -0.0
-27.992524069657783, -30.921090347501494, 2.3625434143734974, -0.0
-28.107871063149148, -30.84116446880321, 2.3219342773176597, -0.0
-28.221106696938573, -30.762701586879427, 2.2774512423189957, -0.0
-28.332235632278593, -30.685698471869582, 2.2399145070798823, -0.0
-28.441001931475515, -30.610332467321534, 2.194362810579749, -0.0
-28.54830548554762, -30.535980023559716, 2.153486508148544, -0.0
-28.652197525618373, -30.46399147543138, 2.1065989847715736, -0.0
-28.755446680963132, -30.392448392980754, 2.075073470478226, -0.0
-28.856723882087735, -30.32227171089331, 2.0534330750734706, -0.0
-28.95763795229873, -30.252346648345082, 2.0356665776115417, -0.0
-29.058454972735685, -30.182488833223356, 2.077077210793481, -0.0
-29.164810571608133, -30.108793243619644, 2.208656158161902, -0.0
-29.274441455747837, -30.032828153571664, 2.221880844242586, -0.0
-29.384845531038156, -29.956327306324958, 2.2436548223350252, -0.0
-29.495734312621423, -29.879490597906656, 2.2452578145872293, -0.0
-29.60633029508847, -29.80285677493805, 2.246860806839434, -0.0
-29.716722667333453, -29.726364036928988, 2.2221480096179533, -0.0
-29.82468627939652, -29.65155422784431, 2.1969008816457385, -0.0
-29.933441877588315, -29.576195638203334, 2.1741918247395136, -0.0
-30.039278663235837, -29.502859543040064, 2.1512156024579214, -0.0
-30.14448218907207, -29.429962244288646, 2.1313117819930536, -0.0
-30.248287723212098, -29.35803363757982, 2.089901148811114, -0.0
-30.350813903884625, -29.286991516482455, 2.0794816991717875, -0.0
-30.452488230656698, -29.21653965933091, 2.0534330750734706, -0.0
-30.553406261291634, -29.146611852538086, 2.0364680737376437, -0.0
-30.653651389170268, -29.077150311422834, 2.025915041410633, -0.0
-30.753069578827507, -29.008261769758835, 2.0113545284531127, -0.0
-30.85320102158866, -28.93887900298034, 2.0010686615014692, -0.0
-30.951112660549082, -28.87103437572279, 2.007480630510286, -0.0
-31.050277536799953, -28.80232135919367, 2.01055303232701, -0.0
-31.14952625276033, -28.73355024871472, 2.015094843708255, -0.0
-31.248365730943487, -28.665062705999013, 1.9947902751803366, -0.0
-31.345453453628856, -28.597788984235088, 1.9481699171787337, -0.0
-31.441792198370383, -28.531034241930232, 1.94803633449105, -0.0
-31.53699801239532, -28.46506452644131, 1.9310713331552232, -0.0
-31.6320891437101, -28.399174276537952, 1.9177130643868554, -0.0
-31.72553516581536, -28.334423950573182, 1.9036868821800694, -0.0
-31.819225807924543, -28.26950412327883, 1.9015495591771308, -0.0
-31.92073381198403, -28.199167513942143, 2.07266898209992, -0.0
-32.021914686565104, -28.12905757814258, 2.08829815655891, -0.0
-32.125498335043865, -28.057282719753587, 2.1049959925193695, -0.0
-32.22908069118265, -27.98550875684878, 2.0952444563184613, -0.0
-32.3326665812401, -27.913732345232088, 2.1001870157627573, -1.1179147013800261
-32.43133795646016, -27.83570535884675, 2.0949772909430937, -2.3337489874135624
-32.51798087871285, -27.745327460946537, 2.0908362276248997, -2.329135953006254
-32.59117088114098, -27.643831815775364, 2.087095912369757, -2.3249693412835235
-32.64941881497563, -27.53339893911241, 2.084157093240716, -2.3216955749299495
-32.69191287152433, -27.4155316136739, 2.0814854394870426, -2.318719423699428
-32.717354461972086, -27.29432362842579, 2.075073470478226, -2.311576660746176
-32.725880596277314, -27.170337610141335, 2.0749398877905425, -2.31142785318465
-32.7171379479652, -27.045808636466962, 2.080817526048624, -2.3179753858917977
-32.69126739378646, -26.923931704999397, 2.0838899278653487, -2.3213979598068977
-32.64867584035058, -26.806577290455614, 2.0864279989313386, -2.3242253034758935
-32.59021924151129, -26.696270060368317, 2.0818861875500936, -2.3191658463840064
-32.517324715008975, -26.59551443011729, 2.0793481164841037, -2.316338502715011
-32.43080878206762, -26.505421254272008, 2.0702644937216137, -2.306219588531237
-32.336929942648865, -26.425176561457956, 2.068127170718675, -0.0
-32.241891492892854, -26.344391909535656, 2.0720010686615016, -0.0
-32.14692525843502, -26.263668642113437, 2.0737376436013895, -0.0
-32.05089810098279, -26.18204356815884, 2.140662570130911, -0.0
-31.95337988322026, -26.09915106203891, 2.1309110339300026, -0.0
-31.855163864145382, -26.015665410341864, 2.1509484370825542, -0.0
-31.757038332761166, -25.9322566750572, 2.144402885386054, -0.0
-31.659339607985146, -25.849210734234877, 2.1354528453112476, -0.0
-31.5607296575614, -25.765390232727242, 2.1310446166176864, -0.0
-31.46448814884084, -25.683582955752218, 2.1321132781191556, -0.0
-31.36696129943066, -25.6006831125529, 2.1275714667379106, -0.0
-31.26849056361028, -25.51698094634329, 2.1916911568260753, -0.0
-31.163233358490764, -25.42751014058285, 2.3079080951108737, -0.0
-31.05614205320211, -25.336480311667728, 2.3541277050494256, -0.0
-30.94937068610614, -25.245722436846965, 2.3410366016564255, -0.0
-30.842034798995467, -25.154484708314275, 2.342773176596313, -0.0
-30.735154912621525, -25.06363458985822, 2.3371627037135987, -0.0
-30.62808634030833, -24.97262408444337, 2.3367619556505477, -0.0
-30.521338540062633, -24.881886241933753, 2.3338231365215067, -0.0
-30.415138852935574, -24.791614306934378, 2.3310179000801496, -0.0
-30.308605441890215, -24.70105869968817, 2.3272775848250067, -0.0
-30.202141961557622, -24.610562534997086, 2.3161902217472616, -0.0
-30.096650248322256, -24.520892392478093, 2.3084424258616085, -0.0
-29.990764927136123, -24.430887675043596, 2.310980496927598, -0.0
-29.884088848297186, -24.34021079721612, 2.3227357734437617, -0.0
-29.778046898119616, -24.25007294189284, 2.3256745925728026, -0.0
-29.671999131915456, -24.159930142826422, 2.3256745925728026, -0.0
-29.56532275216578, -24.069253009218578, 2.3235372695698637, -0.0
-29.459793417401347, -23.97955088762019, 2.3203312850654556, -0.0
-29.353657412982635, -23.889333084242704, 2.3199305370024046, -0.0
-29.247448640110886, -23.799053426172044, 2.3262089233235375, -0.0
-29.14133348493799, -23.708853345085597, 2.3232701041944965, -0.0
-29.034467161181233, -23.618014755135228, 2.3228693561314455, -0.0
-28.929461883833415, -23.52875809320182, 2.3240716003205986, -0.0
-28.823085947076773, -23.4383363423646, 2.3270104194496395, -0.0
-28.71318377104302, -23.34491721506209, 2.3988779054234572, -0.0
-28.604393812104885, -23.252443495341065, 2.3935345979161102, -0.0
-28.494930381460428, -23.159397310712265, 2.3920651883515895, -0.0
-28.385846523108654, -23.06667377039871, 2.3829815655890996, -0.0
-28.277061141509172, -22.974203941510403, 2.3657493988779055, -0.0
-28.17198643556279, -22.884888263829335, 2.273043013625434, -0.0
-28.066644936150578, -22.795345806173138, 2.295752070531659, -0.0
-27.96353338396322, -22.707698849872738, 2.2638258081752607, -0.0
-27.860504423134405, -22.62012209793876, 2.238311514827678, -0.0
-27.759376831636498, -22.534161549341096, 2.205450173657494, -0.0
-27.661921475120952, -22.445703112938418, 2.179401549559177, 2.43398932255882
-27.573973283347165, -22.343886690089434, 2.2960192359070266, -0.0
-27.483281616887712, -22.236061099334137, 2.3525247127972215, -0.0
-27.392986645405365, -22.128707149159784, 2.3417045150948437, -0.0
-27.302555470467745, -22.021191263290554, 2.3375634517766497, -0.0
-27.211982116512, -21.913506337230302, 2.33248730964467, -0.0
-27.12150433518968, -21.805935039864522, 2.3335559711461396, -0.0
-27.03158966627167, -21.69903324092155, 2.3375634517766497, -0.0
-26.941698850334042, -21.5921598013836, 2.332888057707721, -0.0
-26.85161772768553, -21.485060101436865, 2.3315522308308845, -0.0
-26.761559786700964, -21.377987962750254, 2.3298156558909966, -0.0
-26.673498614529745, -21.26974564427444, 2.324605931071333, 1.9129415909191647
-26.59414580217878, -21.15153850009505, 2.3851188885920385, -0.0
-26.51473295100424, -21.03078095854706, 2.414640662570131, -0.0
-26.43768402334257, -20.913618069345613, 2.3108469142399146, -0.0
-26.360574014165348, -20.79636229777636, 2.3372962864012825, -0.0
-26.283664798806605, -20.67941185925483, 2.3314186481432007, -0.0
-26.204455003225686, -20.558963090077057, 2.456719209190489, -0.0
-26.124236027020515, -20.43697973085044, 2.426529521773978, -0.0
-26.044053215104373, -20.315051364116474, 2.426930269837029, -0.0
-25.96341957467973, -20.19243745415442, 2.4042212129308043, -0.0
-25.88260753847568, -20.069552270268495, 2.482767833288806, -0.0
-25.800490800721313, -19.944683118431044, 2.508816457387123, -0.0
-25.718249252389057, -19.819624175919635, 2.486107400480898, -0.0
-25.636094216233406, -19.694696786395, 2.4775581084691423, -0.0
-25.554648115362724, -19.57084742493338, 2.4680737376436013, -0.0
-25.473515490352167, -19.44747474418078, 2.4667379107667644, -0.0
-25.39244576806432, -19.32419771517772, 2.460058776382581, -0.0
-25.311190968863823, -19.200639252721025, 2.4524445631846112, -0.0
-25.23052595896118, -19.07797764139846, 2.446299759551162, -0.0
-25.14939900090995, -18.954613577992625, 2.4416243654822334, -0.0
-25.06978298729952, -18.833547101606875, 2.437216136788672, -0.0
-24.989159869969132, -18.71094919337468, 2.4428266096713864, -0.0
-24.908035514784252, -18.589527104221435, 2.446433342238846, -1.9025759394279143
-24.815642448027365, -18.475864573558347, 2.4449639326743253, -2.0672849392556927
-24.713640731601476, -18.370853442555987, 2.44149078279455, -0.0
-24.611176646889398, -18.2656933689547, 2.4420251135452844, -0.0
-24.508828916108403, -18.160652710736773, 2.4390862944162435, -0.0
-24.40661082637851, -18.05574510462695, 2.4433609404221213, -0.8440482684042105
-24.30251467745167, -17.952422622273755, 2.443494523109805, -0.0
-24.197635571973652, -17.84832300248295, 2.4428266096713864, -0.0
-24.094710981982715, -17.746163371769594, 2.440956452043815, -0.0
-23.990749611234623, -17.642974665892652, 2.440154955917713, -0.0
-23.886590601870274, -17.53958979029521, 2.4416243654822334, -0.0
-23.782698425178612, -17.436469764208525, 2.443895271172856, -0.6573736669749877
-23.67302519662034, -17.339673028015792, 2.4436281057974885, -2.7221367229966393
-23.555077179595106, -17.25348978119131, 2.441757948169917, -0.0
-23.43656022025987, -17.165796050248904, 2.4428266096713864, -0.0
-23.31881299580537, -17.0786718658415, 2.445097515362009, -0.0
-23.20149421588735, -16.991864698510106, 2.440555703980764, -0.0
-23.083484767048432, -16.904546487570613, 2.4386855463531925, -0.0
-22.965505279961594, -16.817250446098175, 2.442693026983703, -0.0
-22.847405852482808, -16.72986565766058, 2.4392198771039273, -0.0
-22.730126682092703, -16.643087798432454, 2.438551963665509, -0.0
-22.612102054702866, -16.55575835649473, 2.4400213732300293, -0.0
-22.494413810744987, -16.468677813266034, 2.4424258616083354, -0.0
-22.377204764286606, -16.381951840529393, 2.4088966069997326, -0.0
-22.262466994872995, -16.29705442891568, 2.3784397542078546, -0.0
-22.14529128087076, -16.210353119716284, 2.47528720277852, -0.0
-22.021605794011236, -16.118835063001214, 2.6096713865882983, -0.0
-21.893786898863045, -16.024258591723587, 2.667913438418381, -0.0
-21.76609523888356, -15.929776265003106, 2.6598984771573604, -0.0
-21.63829909937859, -15.835216631208192, 2.6436013892599517, -0.0
-21.509855166626345, -15.74017767861324, 2.6800694629975954, -0.0
-21.380842234351938, -15.64471770871171, 2.667913438418381, -0.0
-21.252239578175544, -15.549561312593653, 2.6561581619022174, -0.0
-21.1255459303679, -15.455817440617244, 2.6168848517232166, -0.0
-20.999581230985346, -15.36261293623362, 2.589901148811114, -0.0
-20.87638328829143, -15.271455625922455, 2.5524979962596848, -0.0
-20.75367771791222, -15.180662634486257, 2.5722682340368688, -0.0
-20.62498309788868, -15.085438191964439, 2.6498797755810846, -0.0
-20.498705794440138, -14.992002383833166, 2.5534330750734706, -0.0
-20.375825723336884, -14.901080274845949, 2.5753406358535935, -0.0
-20.25227842577407, -14.809664467927641, 2.535399412236174, -0.0
-20.130738500712624, -14.719733967289752, 2.523777718407694, -0.0
-20.00973972722066, -14.630203878545641, 2.490782794549826, -0.0
-19.890787100728634, -14.542187786325647, 2.459257280256479, -0.0
-19.773200876024482, -14.455182729753348, 2.428266096713866, -0.0
-19.657428895325275, -14.369520078744996, 2.3787069195832222, -0.0
-19.544310848245377, -14.285821141133074, 2.3326208923323537, -0.0
-19.432703550490846, -14.203240045605552, 2.297087897408496, -0.0
-19.322958533076108, -14.122036898955331, 2.265695965802832, -0.0
-19.214694304356385, -14.04192942575245, 2.233368955383382, -0.0
-19.10830705586448, -13.963210778250176, 2.201442693026984, -0.0
-19.00294156715298, -13.885248156955235, 2.164173123163238, -0.0
-18.899906948417247, -13.809010205999991, 2.1309110339300026, -0.0
-18.798482871709094, -13.733963936303109, 2.0931071333155225, -0.0
-18.698467915018288, -13.65996031056503, 2.0595778787069197, -0.0
-18.600447909675523, -13.587432800378174, 2.027518033662837, -0.0
-18.50349969293383, -13.515698334003249, 2.0068127170718677, -0.0
-18.406443835052457, -13.443884221194645, 1.9927865348650815, -0.0
-18.310761953219455, -13.373086748422901, 1.9820999198503875, -0.0
-18.21165844840405, -13.299757529250574, 2.1309110339300026, -0.0
-18.103817899459248, -13.219963547554698, 2.27651616350521, -0.0
-17.99042065661607, -13.136058025853185, 2.3618755009350787, -0.0
-17.87649707977192, -13.051763056155991, 2.3672188084424257, -0.0
-17.76497543546757, -12.969245337808045, 2.297355062783863, -0.0
-17.65230810364124, -12.88587989594559, 2.3339567192091906, -0.0
-17.540626072833106, -12.803243503519363, 2.31031258348918, -0.0
-17.429940649568948, -12.721344526517115, 2.284130376703179, -0.0
-17.32064537313069, -12.640474154723815, 2.259551162169383, -0.0
-17.21240407187888, -12.560383646141133, 2.241383916644403, -0.0
-17.104594029703694, -12.480612237184737, 2.2292278920651882, -0.0
-16.99529720754982, -12.399740721676901, 2.3342238845845578, -0.0
-16.880735059216157, -12.314973256594211, 2.3958055036067325, -0.0
-16.764999149382867, -12.229337295342567, 2.3928666844776916, -0.0
-16.650238785367304, -12.1444231654047, 2.3859203847181405, -0.0
-16.5348472656477, -12.059042027210772, 2.3823136521506814, -0.0
-16.42009348890138, -11.97413277136198, 2.3773710927063854, -0.0
-16.30598089456871, -11.889697942788262, 2.3717606198236707, -0.0
-16.191690846169525, -11.80513181140986, 2.3682874699438954, -0.0
-16.077631492523714, -11.720736376982726, 2.3697568795084156, -0.0
-15.96340091360765, -11.63621424859665, 2.3672188084424257, -0.0
-15.849401780865435, -11.551863373157078, 2.3652150681271706, -0.0
-15.735387025043833, -11.467500937801288, 2.3634784931872828, -0.0
-15.621651695026918, -11.383345256748614, 2.3572001068661503, -0.0
-15.50791967995417, -11.299192028507957, 2.3479829014159765, -0.0
-15.394406421499395, -11.215200663886698, 2.3466470745391397, -0.0
-15.28078407363967, -11.131128581223228, 2.3561314453646807, -0.0
-15.167017407485142, -11.046949713760474, 2.3590702644937216, -0.0
-15.052471015553527, -10.96219390724285, 2.3650814854394873, -0.0
-14.938585317024636, -10.877926964680386, 2.3653486508148545, -0.0
-14.825462549481212, -10.794224534276708, 2.3638792412503338, -0.0
-14.711373506906728, -10.70980713225154, 2.3640128239380176, -0.0
-14.597616083113465, -10.625635103448388, 2.3620090836227625, -0.0
-14.483771972577067, -10.541398932905764, 2.3621426663104463, -0.0
-14.36583815335681, -10.454136682256404, 2.500801496126102, -0.0
-14.245724112797255, -10.365261230048418, 2.494790275180337, -0.0
-14.125038750179137, -10.27596304202974, 2.504408228693561, -0.0
-14.004478547308013, -10.18675746291058, 2.497194763558643, -0.0
-13.883249123979981, -10.09705671045067, 2.4931872829281323, -0.0
-13.764079722282986, -10.008880220709452, 2.486908896607, -0.0
-13.6437585935029, -9.919851538627915, 2.485305904354796, -0.0
-13.524586498692075, -9.831673056182863, 2.483168581351857, -0.0
-13.404338911495604, -9.742698789400897, 2.4799625968474484, -0.0
-13.285755642432772, -9.654955994194248, 2.4718140528987442, -0.0
-13.172464617426513, -9.571129065788279, 2.318861875500935, -0.0
-13.062039137001328, -9.48942242714426, 2.305770772107935, -0.0
-12.946532385347327, -9.4039560258934, 2.3857868020304567, -0.0
-12.831074023117178, -9.318525429215486, 2.3848517232166713, -0.0
-12.714652584754141, -9.232382227862695, 2.4028853860539674, -0.0
-12.599667953405989, -9.14730215678667, 2.3899278653486506, -0.0
-12.484454499012976, -9.062052773684401, 2.392733101790008, -0.0
-12.369480975246725, -8.976980921392457, 2.3812449906492117, -0.0
-12.254904093475739, -8.89220255466248, 2.3741651082019772, -0.0
-12.140106026678083, -8.807260527471367, 2.3724285332620894, -0.0
-12.024974077822858, -8.722071452402151, 2.3701576275714666, -0.0
-11.911677726903713, -8.638240583216954, 2.3637456585626504, -0.0
-11.801056352809535, -8.556388997834526, 2.269302698370291, -0.0
-11.691397574612939, -8.475249661788583, 2.2691691156826077, -0.0
-11.580177351350093, -8.392954972582306, 2.254207854662036, -0.0
-11.474279603007384, -8.31459851876624, 2.2365749398877903, -0.0
-11.366951346550088, -8.235183595390923, 2.2254875768100453, -0.0
-11.25977553560383, -8.15588147035015, 2.2172054501736573, -0.0
-11.153447191452928, -8.077206407677089, 2.1891530857600854, -0.0
-11.049530377380163, -8.00031569781748, 2.1711194229227893, -0.0
-10.945795624208959, -7.923559699477691, 2.1434678065722683, -0.0
-10.843084432551711, -7.847561060493993, 2.1228960726689823, -0.0
-10.740919842277362, -7.771966865860483, 2.1108736307774514, -0.0
-10.639641605293203, -7.697028506707276, 2.0999198503873897, -0.0
-10.53849893857236, -7.622190459461004, 2.0897675661234305, -0.0
-10.438171271912871, -7.547955451615163, 2.0764092973550627, -0.0
-10.33742384839936, -7.473409854931874, 2.076275714667379, -0.0
-10.236952808340785, -7.4000735630923105, 2.0744055570398077, -1.081275870100141
-10.1315599114882, -7.3309055656620705, 2.0785466203580016, -0.0
-10.027400603306209, -7.263861099927744, 2.0832220144269304, -0.0
-9.922292308424328, -7.1962057977027225, 2.0821533529254608, -0.0
-9.817077202241963, -7.128481743997873, 2.0752070531659097, -0.0
-9.712307968559859, -7.061044686089053, 2.0764092973550627, -0.0
-9.607658536064708, -6.993684740890694, 2.0733368955383384, -0.0
-9.502467401399565, -6.925976116988452, 2.078012289607267, -0.0
-9.397444163616006, -6.858375563665025, 2.075474218541277, -0.0
-9.291536879485431, -6.7902059741598615, 2.144803633449105, -0.0
-9.176637214644982, -6.716248237912022, 2.279989313384985, 0.2659349470344709
-9.063142658735474, -6.640647280600316, 2.310980496927598, -0.0
-8.947967393273961, -6.562231472624482, 2.3216671119422925, -0.0
-8.832963216686196, -6.483932148619552, 2.320197702377772, -0.0
-8.713771998604026, -6.402782123637319, 2.462463264760887, -0.0
-8.593168178079083, -6.320670343876794, 2.403018968741651, -0.0
-8.477757479964486, -6.242094244178243, 2.3379641998397007, -0.0
-8.357812708859996, -6.160431170939849, 2.3614747528720277, -0.0
-8.245539137944688, -6.0839909496616285, 2.2938819129040877, -0.0
-8.132243534588493, -6.00685488887908, 2.276382580817526, -0.0
-8.020714692213337, -5.930921707805758, 2.239647341704515, -0.0
-7.904405770913116, -5.851734062767492, 2.3884584557841304, -0.0
-7.783220083711573, -5.769226125503905, 2.4837029121025913, -0.0
-7.665283693336957, -5.688930436113295, 2.3913972749131713, -0.0
-7.543583128727953, -5.606071950250989, 2.4535132246860805, -0.0
-7.422491028244347, -5.523627730471129, 2.4425594442960192, -0.0
-7.30172791804935, -5.4414075000972755, 2.4255944429601923, -0.0
-7.181689268663098, -5.359680510867143, 2.4024846379909164, -0.0
-7.063648291308123, -5.2793136145855755, 2.3755009350788137, -0.0
-6.946851188433543, -5.1997935965118405, 2.3425060112209457, -0.0
-6.832083472397928, -5.121655264063359, 2.309377504675394, -0.0
-6.718204400805387, -5.044121955373475, 2.279187817258883, -0.0
-6.6064362179795975, -4.968025821996611, 2.2555436815388727, -0.0
-6.495189616152952, -4.892284801284857, 2.235907026449372, -0.0
-6.384596572108994, -4.81698874817429, 2.2254875768100453, -0.0
-6.273888057173388, -4.742891479914095, 2.215869623296821, -1.0572702711207782
-6.1595952375576015, -4.673956066355624, 2.253139193160566, -0.0
-6.039927433572315, -4.6029616888348075, 2.3282126636387925, -0.0
-5.9192589566806575, -4.531373649963788, 2.3561314453646807, -0.0
-5.797036323258634, -4.458863588863158, 2.3557306973016297, -0.0
-5.675989668018433, -4.387051191095656, 2.3620090836227625, -0.0
-5.554011718553083, -4.314686291722865, 2.3614747528720277, -0.0
-5.432327437498599, -4.242495614700053, 2.3545284531124766, -0.0
-5.3107463853549906, -4.17036617948185, 2.3542612877371094, -0.0
-5.189087093113718, -4.098190327375848, 2.35065455516965, -0.0
-5.06741258368839, -4.026005447490664, 2.3507881378573336, -0.0
-4.94583417222626, -3.9538775788888065, 2.3518567993588033, -0.0
-4.824094767753867, -3.8816541992291027, 2.3576008549292014, -0.0
-4.702317710664615, -3.809408481697332, 2.3596045952444564, -0.0
-4.580614818190388, -3.737206763223808, 2.3618755009350787, -0.0
-4.4588493341403135, -3.6649679115380303, 2.3668180603793747, -0.0
-4.336677690181143, -3.5924881005552662, 2.3645471546887524, -0.0
-4.214886674264081, -3.5202341017794323, 2.3629441624365484, -0.0
-4.093258134134502, -3.448076493737033, 2.3598717606198236, -0.0
-3.9715827269391055, -3.3758910812388554, 2.3618755009350787, -0.0
-3.852921920166651, -3.3054941170398298, 2.270237777184077, -0.0
-3.730892196833475, -3.2330985021914, 2.4115682607534064, -0.0
-3.605291498704267, -3.158584363192414, 2.3979428266096714, -0.0
-3.4825151257370592, -3.0857457893840228, 2.4056906224953245, -0.0
-3.3590023995417186, -3.012470365083471, 2.3909965268501203, -0.0
-3.235811100219623, -2.9393856311777, 2.3813785733368955, -0.0
-3.108724738143884, -2.8639901040059854, 2.3760352658295485, -0.0
-2.991105396868918, -2.7942110018570787, 2.3343574672722416, -0.0
-2.871891350337839, -2.7234858214547373, 2.2964199839700776, -0.0
-2.7541572968037538, -2.653638664865464, 2.287870691958322, -0.0
-2.637346690760885, -2.584339354711311, 2.262623563986107, -0.0
-2.521124946464734, -2.515389393937374, 2.236975687950842, -0.0
-2.40276558689642, -2.4451712669518737, 2.330884317392466, -0.0
-2.281870553878631, -2.3734488209085614, 2.3903286134117017, -0.0
-2.1591166115417493, -2.300623554343926, 2.3690889660699974, -0.0
-2.036480851125634, -2.227868400638553, 2.3811114079615283, -0.0
-1.9106901100344436, -2.1532415163451875, 2.3630777451242317, -0.0
-1.826904442367377, -2.1035346518161058, 2.3511888859203847, -0.0
-1.7103483444805863, -2.0343863317153597, 2.3451776649746194, -0.0
-1.5885327669488327, -1.962117761463424, 2.3394336094042214, -0.0
-1.4543193067059215, -1.8824939967787158, 2.3364947902751805, -0.0
-1.308954955753073, -1.7962548308048525, 2.3294149078279456, -0.0
-1.1778274855464097, -1.7184618671740837, 2.3268768367619557, -0.0
-1.062003882076089, -1.6497481082786316, 2.3216671119422925, -0.0
-0.9409884848240352, -1.5779542546920802, 2.3797755810846914, -0.0
-0.8241826671316024, -1.5086577852849559, 2.3742986908896606, -0.0
-0.7005395786788085, -1.4353050219925287, 2.4004808976756613, -0.0
-0.5744145021933604, -1.360479789167578, 2.3867218808442425, -0.0
-0.4530618362132743, -1.288485846813568, 2.3783061715201708, -0.0
-0.33096732798246165, -1.216051797538105, 2.3763024312049157, -0.0
-0.20950130761735097, -1.1439906063190197, 2.3697568795084156, -0.0
-0.12666426791157961, -1.095305147466341, 2.3665508950040075, -0.6365691109116633
0.04055466854066163, -1.0061803461180772, 2.3614747528720277, -1.2309095776695402
0.17257756031484003, -0.9478164901158166, 2.3582687683676196, -0.0
0.29904453981341367, -0.8931746725732616, 2.3558642799893135, -0.0
0.4281794072272657, -0.837380156948815, 2.3576008549292014, -0.0
0.6025415137433185, -0.7620445835970916, 2.3499866417312316, -0.0
0.7314700000414693, -0.7066292387215382, 2.3538605396740584, -0.22329813108345825
0.9524301355315667, -0.6160195714090717, 2.4226556238311514, -0.0
1.1032311462150513, -0.5546189741677039, 2.4349452310980495, -0.0
1.2847398387331244, -0.480715343982485, 2.443093775046754, -0.0
1.4069958682830075, -0.4309372079030347, 2.441757948169917, -0.0
1.5147511294536304, -0.3870632486915636, 2.443895271172856, -0.0
1.6759542401879879, -0.32142730081963133, 2.433208656158162, -0.0
1.8131415197402552, -0.2658528447731794, 2.493320865615816, -0.9431924969634273
1.958597670031814, -0.214983509276274, 2.6302431204915844, -2.1345862448092046
2.140649880955275, -0.17702456760567736, 2.6502805236441356, -2.757374245874448
2.3795235054361488, -0.1829201408257629, 2.675394068928667, -2.980317842244394
2.5186453290066195, -0.21460811793120635, 2.6741918247395136, -2.978978574190659
2.6825447871962163, -0.28487804093678787, 2.676997061180871, -2.9821035329827073
2.8345870627716643, -0.39002020868754034, 2.6689820999198504, -2.973175079291142
2.9382013010092805, -0.49727340027684885, 2.6696500133582686, -2.9739191170987724
3.028505964414721, -0.6304972571590974, 2.6684477691691155, -2.9725798490450375
3.0868167216694933, -0.7601084185304116, 2.5463531926262357, -2.8365697378101977
3.1301038626744946, -0.9046540151435982, 2.540876302431205, -0.0
3.176413777903203, -1.0677593253363884, 2.6659096981031256, -0.0
3.2252844886368974, -1.2398838562105023, 2.6367886721880844, -0.0
3.263840586090145, -1.3756799207007468, 2.6685813518567993, -0.0
3.3081281781439804, -1.5316625305577962, 2.690622495324606, -0.0
3.349083273702685, -1.6759079590386687, 2.6745925728025646, -0.0
3.405737121255717, -1.8754449984203316, 2.6564253272775846, -0.0
3.4493029954199286, -2.028885689993198, 2.6528185947101255, -0.0
3.4921018395063057, -2.1796248720047844, 2.6395939086294415, -0.0
3.537886256601032, -2.340879357471908, 2.6277050494255945, -0.0
3.5787861901402307, -2.4849305031894042, 2.6204915842906757, -0.0
3.6217619992676555, -2.6362929629109755, 2.6703179267966872, -0.0
3.667275935323311, -2.796594803710946, 2.8211327811915576, -0.0
3.7136564795824767, -2.9599488720771108, 2.741918247395138, -0.0
3.760721906954349, -3.1257151252203847, 2.8224686080683945, -0.0
3.8059710955709707, -3.285084515313997, 2.817258883248731, -0.0
3.852700552851544, -3.449667468818603, 2.8128506545551697, -0.0
3.8968974916995487, -3.605330794583161, 2.784130376703179, -0.0
3.9419808381124573, -3.7641160820295108, 2.747929468340903, -0.0
3.9868378676802774, -3.9221042728057913, 2.728426395939086, -0.0
4.0312861356731915, -4.07865278952651, 2.6904889126369222, -0.0
4.075153094063018, -4.233468153442925, 2.6660432807908094, -0.1949895213686803
4.116026315636924, -4.38617603697297, 2.6293080416777985, -0.9082828750205061
4.153250144796279, -4.555001870728429, 2.6069997328346246, -0.0
4.181932447982602, -4.690440005661374, 2.5786802030456855, -0.0
4.2145475803397705, -4.844449000976382, 2.56358535933743, -0.0
4.245441076281348, -4.990328411172459, 2.5295217739780926, -0.0
4.27679638788422, -5.138388519740003, 2.513759016831419, -0.0
4.307727534881742, -5.284445718615117, 2.487710392733102, -0.0
4.338020812212253, -5.42749089026672, 2.407560780122896, -0.0
4.367828295806043, -5.568242138824476, 2.3962062516697835, -0.0
4.397447392306207, -5.7081038215604005, 2.3725621159497727, -0.0
4.4259312350755, -5.845779430430226, 2.3254074271974354, -0.879672916535727
4.4478760312218, -5.9826623884579835, 2.2948169917178736, -0.0
4.467025596759287, -6.117642926109192, 2.2658295484905158, -0.0
4.486026181610309, -6.2515733358544, 2.242853326208923, -0.0
4.504830405066113, -6.384119642829832, 2.227892065188352, -0.0
4.523759358265213, -6.517545138828021, 2.3034998664173125, -0.0
4.543723736219731, -6.65826908710233, 2.3860539674058243, -0.0
4.5642732293289825, -6.8031173669714775, 2.4487042479294683, -0.0
4.584372492096147, -6.9447920848335505, 2.3626769970611807, -0.0
4.604860241404431, -7.0892051479644955, 2.440154955917713, -0.0
4.625239679415462, -7.232854751626434, 2.4155757413839165, -0.0
4.64563144070675, -7.376591219034257, 2.41170184344109, -0.0
4.6659837036297676, -7.520049272241251, 2.4262623563986105, -0.0
4.687275634762097, -7.670130813582136, 2.550761421319797, -0.0
4.708748269220593, -7.8214860878478545, 2.524178466470745, -0.0
4.729286862920519, -7.966257540484134, 2.4429601923590702, -0.0
4.750210825394326, -8.11374536202135, 2.482634250601122, -0.0
4.770995859140836, -8.260253909419466, 2.465669249265295, -0.0
4.791579639637237, -8.405343872576053, 2.431472081218274, -0.0
4.812004526767175, -8.549313835804057, 2.430269837029121, -0.0
4.8331066069062905, -8.698057164584064, 2.490248463799092, -0.0
4.853896759555229, -8.84460179385572, 2.452578145872295, -0.0
4.874328103261439, -8.988617267888392, 2.4246593641464065, -0.0
4.894635244580506, -9.131757270101017, 2.4012823938017633, -0.17562539513595538
4.913649646030509, -9.278775861401442, 2.518835158963398, -1.03569549843614
4.926789196179714, -9.433323151059085, 2.580016029922522, -0.0
4.9392558524384755, -9.591663542691158, 2.6150146940956454, -0.0
4.951507399090242, -9.747271803212165, 2.6191557574138393, -0.0
4.963834717021624, -9.903842443206843, 2.6159497729094308, -0.0
4.976092851490531, -10.059534376328141, 2.6107400480897676, -0.0
4.988414491743702, -10.2160329034986, 2.6094042212129307, -0.0
5.0008023771334065, -10.373372817536934, 2.6094042212129307, -0.0
5.012983832552539, -10.528090841494514, 2.6064654020838898, -0.0
5.025239262969626, -10.683748430152038, 2.6043280790809513, -0.0
5.035189735047496, -10.839851469062571, 2.5822869356131446, -2.1833953538082174
5.029419683652379, -10.991212837943984, 2.5303232701041947, -0.0
5.01956830345617, -11.142174644370755, 2.5125567726422657, -0.0
5.009805482929064, -11.291779369113733, 2.494122361741918, -0.0
5.000099339914811, -11.440515571928476, 2.478226021907561, -0.0
4.990431955189235, -11.588657845653438, 2.465802831952979, -0.0
4.980842745756771, -11.735602167088379, 2.4540475554368153, -0.0
4.971304763502801, -11.881761487107294, 2.447635586427999, -0.0
4.961763451882156, -12.027971826089816, 2.446700507614213, -0.0
4.9521936033636065, -12.174619462341518, 2.4461661768634784, -0.0
4.942659857476179, -12.32071386459935, 2.444696767298958, -0.0
4.93310533579826, -12.467126633502275, 2.4412236174191824, -0.0
4.923592805131059, -12.612895935326941, 2.437349719476356, -0.0
4.914069218379556, -12.758834659752802, 2.43895271172856, -0.0
4.904487560516343, -12.90566326151061, 2.439353459791611, -0.0
4.89496528302252, -13.051581922970625, 2.441891530857601, -0.0
4.885406128689334, -13.198065682333123, 2.4392198771039273, -0.0
4.875902340388074, -13.343701016802095, 2.436948971413305, -0.0
4.866376523163215, -13.489673920833294, 2.4362810579748864, -0.0
4.856860587944718, -13.635495393745002, 2.436948971413305, -0.0
4.847344675694665, -13.781316514690008, 2.4345444830349985, -0.0
4.8378258537623005, -13.92718222338711, 2.4341437349719475, -0.0
4.828302455207027, -14.073118063908176, 2.437349719476356, -0.0
4.818869136030665, -14.21767353482704, 2.3833823136521506, -0.0
4.809384785719459, -14.363011003003836, 2.469543147208122, -0.0
4.7993995140546435, -14.5160245521878, 2.6040609137055837, -0.0
4.789194606714226, -14.672403781883968, 2.6239647341704515, -0.0
4.7788656517695145, -14.83068390770373, 2.6366550895004006, -0.0
4.768571860071643, -14.988425194583469, 2.6361207587496662, -0.0
4.758261179592567, -15.14642528387142, 2.6419983970077476, -0.0
4.747911289561491, -15.305026217374202, 2.6389259951910233, -0.0
4.737665635447406, -15.462029847554014, 2.6136788672188085, -0.0
4.727533430125493, -15.61729499700705, 2.5850921720545017, -0.0
4.717560880755185, -15.77011359071041, 2.5463531926262357, -0.0
4.707682536840088, -15.921488587129875, 2.505209724819663, -0.0
4.698180394545356, -16.070703505145314, 2.469943895271173, 1.205813352531145
4.696293944664759, -16.21710064788833, 2.4370825541009884, -0.0
4.696133384031667, -16.370240019395247, 2.6017900080149614, -0.0
4.695968010231296, -16.52797008911834, 2.6536200908362275, -0.0
4.695800915520969, -16.687341526741978, 2.6457387122628906, -0.0
4.695633968959914, -16.846571662690277, 2.6524178466470745, -0.0
4.695467472216761, -17.005372771738262, 2.6341170184344107, -0.0
4.695301804942998, -17.163382750240853, 2.6427998931338497, -0.0
4.695135606664369, -17.321899190071804, 2.6295752070531657, -0.0
4.694857907915885, -17.47958612754926, 2.6104728827144004, -0.1909252042582799
4.6923487800995956, -17.634150656783216, 2.5718674859738178, -1.0857307975187838
4.682148348153937, -17.78702693671707, 2.5439487042479296, -0.0
4.6709180251942035, -17.93809114473485, 2.5162970878974087, -0.0
4.659803913670246, -18.087592139604514, 2.488912636922255, -0.0
4.648747879443082, -18.236311910205274, 2.471413304835693, -0.0
4.637790886711597, -18.383699428371322, 2.462463264760887, -0.0
4.626874923356384, -18.53053504164076, 2.4515094843708254, -0.0
4.616023690155691, -18.67649994001069, 2.440154955917713, -0.0
4.605196560775955, -18.82214060686597, 2.4309377504675393, -0.0
4.594315253498341, -18.968510045392765, 2.4330750734704782, -0.0
4.58353806794285, -19.113478895036565, 2.431605663905958, -0.0
4.572699079824247, -19.25927907920953, 2.4376168848517232, -0.0
4.561851118348718, -19.405199968108615, 2.441090034731499, -0.0
4.550993197036592, -19.55125483132286, 2.4420251135452844, -0.0
4.5400608360189025, -19.698311017046393, 2.4866417312316322, -0.0
4.528692734768332, -19.85122854383889, 2.5752070531659097, -0.0
4.517191296557052, -20.005939647044208, 2.5937750467539407, -0.0
4.505600428903552, -20.161853706559068, 2.5995191023243387, -0.0
4.494062448322661, -20.31705635788319, 2.6020571733903286, -0.0
4.482495609689704, -20.47264719205796, 2.5996526850120225, -0.0
4.470948879627783, -20.62796753665119, 2.6012556772642266, -0.0
4.459366672714653, -20.783765096588105, 2.599385519636655, -0.0
4.447812741532592, -20.93918230674032, 2.5971146139460326, -0.0
4.436282313353891, -21.094283367250046, 2.5960459524445634, -0.0
4.4267333971880705, -21.249657800782753, 2.598984771573604, 1.7008149600090503
4.428858136891255, -21.401870003479864, 2.5208388992786537, -0.0
4.4329256261362655, -21.558532254831732, 2.6544215869623295, -0.0
4.437167992219314, -21.721930012415097, 2.743521239647342, -0.0
4.441451796799578, -21.88692380329449, 2.754475020037403, -0.0
4.445735151677516, -22.051900273567846, 2.7415174993320868, -0.0
4.449983161424262, -22.215515400886563, 2.737510018701576, -0.0
4.454260761213553, -22.380270209813098, 2.743254074271974, -0.08146605061539983
4.455664864463019, -22.54486252882856, 2.739780924392199, -1.915360397483229
4.442746034382149, -22.70828293147405, 2.734036868821801, -0.0
4.427535877861815, -22.87212778192862, 2.728025647876035, -0.0
4.412478024171305, -23.034332015842306, 2.7217472615549023, -0.0
4.397412190413983, -23.196622211583666, 2.717339032861341, -0.0
4.381658490922065, -23.366322144250944, 2.718140528987443, -0.0
4.365056433581536, -23.54516064591662, 2.7144002137323002, -0.0
4.351999333005551, -23.685812629897345, 2.72348383649479, -0.0
4.336626536555293, -23.85140944884485, 2.724018167245525, -0.0
4.320929031648584, -24.02050404958162, 2.723617419182474, -0.0
4.30710736402492, -24.169392002299553, 2.718942025113545, -0.0
4.291552368716375, -24.336951479859344, 2.718140528987443, -0.0
4.276657309912595, -24.49740207607475, 2.716136788672188, -0.0
4.261532962070178, -24.660322589558675, 2.715736040609137, -0.0
4.246207628750996, -24.82540813239913, 2.7138658829815654, -0.0
4.2309937015602, -24.98929360077483, 2.7130643868554634, -0.0
4.2165089454584415, -25.145324388110296, 2.6514827678332886, -0.0
4.201658303344046, -25.305296524697738, 2.673657493988779, -0.0
4.1918719562090185, -25.410715728023575, 2.6506812717071866, -0.0
4.172334969320457, -25.621169492309935, 2.6282393801763293, -0.0
4.157851870383231, -25.77718242855526, 2.606866150146941, -0.0
4.143215932368574, -25.934841757837496, 2.57921453379642, -0.0
4.129418109656969, -26.083472851525393, 2.552765161635052, -0.0
4.115263030434414, -26.235952336880555, 2.5311247662302967, -0.0
4.1028367799149965, -26.369808760734117, 2.515094843708255, -0.0
4.085249560725875, -26.55925949347975, 2.499198503873898, -0.0
4.072769606684998, -26.688268336924004, 2.490248463799092, -0.6970094871852971
4.053579061538581, -26.83497222793253, 2.477424525781459, -0.0
4.032270663775806, -26.982560287601647, 2.467806572268234, -0.0
4.008220115970871, -27.14914126304742, 2.475153620090836, -0.0
3.9873516413090515, -27.293682289448395, 2.486775313919316, -0.0
3.9688584669035647, -27.421771306652513, 2.486107400480898, -0.0
3.947292727780722, -27.571141786212024, 2.4833021640395403, -0.0
3.926335484521997, -27.716297649313667, 2.481031258348918, -0.0
3.9047023684603417, -27.866134800829304, 2.478626769970612, -0.0
3.8837206734676855, -28.01146002363629, 2.480764092973551, -0.0
3.8626794184784283, -28.157197776021057, 2.47929468340903, -0.0
3.8413990022579743, -28.304592027521966, 2.478226021907561, -0.0
3.8201293483788232, -28.451911735967688, 2.479027518033663, -0.0
3.798751323363315, -28.599982053910992, 2.487576810045418, -0.0
3.7775030652577763, -28.74715356910691, 2.482634250601122, -0.0
3.7562679049625984, -28.894234365120717, 2.483435746727224, -0.0
3.7349301832184847, -29.04202553107476, 2.4825006679134383, -0.0
3.713715187175588, -29.18896666370787, 2.481164841036602, -0.0
3.6922774573532817, -29.33745051422581, 2.533395671920919, -0.0
3.6699946348442998, -29.491787718489803, 2.6585626502805235, -0.0
3.6469864151725493, -29.65114923105395, 2.6882180069463, -0.0
3.6235275447232156, -29.81363207984395, 2.7061180870959123, -0.0
3.6005598036138005, -29.972713226303625, 2.697568795084157, -0.0
3.577358402473284, -30.133412768993576, 2.703045685279188, -0.0
3.5541587459443833, -30.294100228004307, 2.702244189153086, -0.0
3.5310229153839345, -30.454345610095636, 2.6958322201442693, -0.0
3.507346451946957, -30.618335570175823, 2.7753139193160568, -0.0
3.483320705191337, -30.784744766457955, 2.785332620892332, -0.0
3.459446134459811, -30.95010687434269, 2.7733101790008017, -0.0
3.4357123552598425, -31.114493819796547, 2.756211594977291, -0.0
3.412289086358449, -31.27673008207919, 2.743521239647342, -0.0
3.3888366448920717, -31.439168401893777, 2.7013091103393, -0.0
3.3660293672299373, -31.597138132605743, 2.671653753673524, -0.0
3.3432779605020526, -31.754720885241287, 2.6405289874432274, -0.0
3.3205791079152123, -31.91193963285916, 2.6242318995458187, -0.0
3.2984422436082523, -32.06526588885435, 2.5810846914239916, -0.0
3.276528389279667, -32.21704751393165, 2.548356932941491, -0.0
3.255010360876756, -32.36608753539391, 2.494255944429602, -0.0
3.2338466921952866, -32.51267316003597, 2.4560512957520704, -0.0
3.213021509183219, -32.65691433608415, 2.406358535933743, -0.0
3.192583243031417, -32.79847561525339, 2.3681538872562116, -0.0
3.1724897619062866, -32.937648814677914, 2.327544750200374, -0.0
3.1528197808504577, -33.07388873145051, 2.287603526582955, -0.0
3.1334852504245583, -33.207805221181, 2.244990649211862, -0.0
3.1146223840625655, -33.33845483065223, 2.1733903286134115, -0.0
3.0972530584333184, -33.45875974967622, 1.9629975955116217, -0.0
3.0816794730757437, -33.56662685778094, 1.714533796419984, -0.0
3.068772137696548, -33.65602675566729, 1.4016831418648144, -0.0
3.0588107986269772, -33.72502184020397, 1.042078546620358, -0.0
3.054652651477197, -33.753822357093455, 0.0, -0.0
3.054652651477197, -33.753822357093455, 0.0, -0.0
3.054652651477197, -33.753822357093455, 0.0, -0.0
3.054652651477197, -33.753822357093455, 0.0, -0.0
3.054652651477197, -33.753822357093455, 0.0, -0.0
3.054652651477197, -33.753822357093455, 0.0, -0.0
3.054652651477197, -33.753822357093455, 0.0, -0.0
3.054652651477197, -33.753822357093455, 0.0, -0.0
3.054652651477197, -33.753822357093455, 0.0, -0.0
3.054652651477197, -33.753822357093455, 0.0, -0.0
3.054652651477197, -33.753822357093455, 0.0, -0.0
3.054652651477197, -33.753822357093455, 0.0, -0.0
3.054652651477197, -33.753822357093455, 0.0, -0.0
3.054652651477197, -33.753822357093455, 0.0, -0.0
3.054652651477197, -33.753822357093455, 0.0, -0.0
3.054652651477197, -33.753822357093455, 0.0, -0.0
3.054652651477197, -33.753822357093455, 0.0, -0.0
3.054652651477197, -33.753822357093455, 0.0, -0.0
3.054652651477197, -33.753822357093455, 0.0, -0.0
3.054652651477197, -33.753822357093455, 0.0, -0.0
3.054652651477197, -33.753822357093455, 0.0, -0.0
3.054652651477197, -33.753822357093455, 0.0, -0.0
3.054652651477197, -33.753822357093455, 0.0, -0.0
3.054652651477197, -33.753822357093455, 0.0, -0.0
3.054652651477197, -33.753822357093455, 0.0, -0.0
3.054652651477197, -33.753822357093455, 0.0, -0.0
3.054652651477197, -33.753822357093455, 0.0, -0.0
3.054652651477197, -33.753822357093455, 0.0, -0.0
3.054652651477197, -33.753822357093455, 0.0, -0.0
3.054652651477197, -33.753822357093455, 0.0, -0.0
3.054652651477197, -33.753822357093455, 0.0, -0.0
3.054652651477197, -33.753822357093455, 0.0, -0.0
3.054652651477197, -33.753822357093455, 0.0, -0.0
3.054652651477197, -33.753822357093455, 0.0, -0.0
3.054652651477197, -33.753822357093455, 0.0, -0.0
3.054652651477197, -33.753822357093455, 0.0, -0.0
3.054652651477197, -33.753822357093455, 0.0, -0.0
3.054652651477197, -33.753822357093455, 0.0, -0.0
3.054652651477197, -33.753822357093455, 0.0, -0.0
3.054652651477197, -33.753822357093455, 0.0, -0.0
3.054652651477197, -33.753822357093455, 0.0, -0.0
3.054652651477197, -33.753822357093455, 0.0, -0.0
3.054652651477197, -33.753822357093455, 0.0, -0.0
3.054652651477197, -33.753822357093455, 0.0, -0.0
3.054652651477197, -33.753822357093455, 0.0, -0.0
3.054652651477197, -33.753822357093455, 0.0, -0.0
3.054652651477197, -33.753822357093455, 0.0, -0.0
3.054652651477197, -33.753822357093455, 0.0, -0.0
3.054652651477197, -33.753822357093455, 0.0, -0.0
